,sample,date,time,n_iter,df,cnc_uranine,cnc_SrB,area1,area2,area3
0,Bear.230502.1200.A1_CorrectionData.txt,2023-05-02 12:00:00,0.0,15,1,0.0002491724285664974,0.0016364465655049007,9.55232038169727,0.0,16.48360595409291
1,Bear.230502.1215.B1_CorrectionData.txt,2023-05-02 12:15:00,0.25,15,1,0.003232248154711582,0.0025013500273740543,123.91206404570161,1.8817185134198128e-17,25.195609238711768
2,Bear.230502.1230.C1_CorrectionData.txt,2023-05-02 12:30:00,0.5,15,1,0.0,0.003241263198741466,0.0,0.0,32.64860979134552
3,Bear.230502.1245.D1_CorrectionData.txt,2023-05-02 12:45:00,0.75,15,1,0.0,0.0016703052225927988,0.0,1.6625859421045202e-17,16.82465757981432
4,Bear.230502.1300.A2_CorrectionData.txt,2023-05-02 13:00:00,1.0,15,1,3.189794904412212e-05,0.004385969387298127,1.2228456837759343,30.197525433476933,44.179011176347586
5,Bear.230502.1315.B2_CorrectionData.txt,2023-05-02 13:15:00,1.25,15,1,0.0,0.0007689264115684626,0.0,0.0,7.745245242443113
6,Bear.230502.1330.C2_CorrectionData.txt,2023-05-02 13:30:00,1.5,15,1,0.00019589036391987885,0.004704197170737258,7.509689280692545,5.510528632985562,47.384457352487544
7,Bear.230502.1345.D2_CorrectionData.txt,2023-05-02 13:45:00,1.75,15,1,3.52467316792079e-22,0.0,1.3512252352497319e-17,0.0,0.0
8,Bear.230502.1400.A3_CorrectionData.txt,2023-05-02 14:00:00,2.0,15,1,4.2542254682729285e-21,0.0011109177771211538,1.6309077566370468e-16,0.0,11.190057329988067
9,Bear.230502.1415.B3_CorrectionData.txt,2023-05-02 14:15:00,2.25,15,1,9.220090077095318e-23,0.0005208121847833558,3.5346308125346214e-18,9.798098541995084e-19,5.246039199214751
10,Bear.230502.1430.C3_CorrectionData.txt,2023-05-02 14:30:00,2.5,15,1,0.0,0.0008382353236065721,0.0,3.8935514476155537e-16,8.443380347630978
11,Bear.230502.1445.D3_CorrectionData.txt,2023-05-02 14:45:00,2.75,15,1,2.75322368747607e-22,0.0022349974958040457,1.0554809332859516e-17,1.1415076347961117e-17,22.512692321152347
12,Bear.230502.1500.A4_CorrectionData.txt,2023-05-02 15:00:00,3.0,15,1,2.0559534552345005e-22,0.00031472337839071475,7.881741253333047e-18,0.0,3.170146990001358
13,Bear.230502.1515.B4_CorrectionData.txt,2023-05-02 15:15:00,3.25,15,1,0.00041904772590705834,0.0038271779299517863,16.06469125061172,0.0,38.5504141982553
14,Bear.230502.1530.C4_CorrectionData.txt,2023-05-02 15:30:00,3.5,15,1,6.678177180590568e-05,0.004158610655833968,2.5601583755369828,3.190117793946983,41.888871175032406
15,Bear.230502.1545.D4_CorrectionData.txt,2023-05-02 15:45:00,3.75,15,1,3.370561105822502e-22,0.0013124483058198565,1.2921445496250783e-17,4.056042850972788e-17,13.220034900178078
16,Bear.230502.1600.A5_CorrectionData.txt,2023-05-02 16:00:00,4.0,15,1,2.4399714265908133e-22,0.0007830430950331388,9.353919662408506e-18,8.15835125690981e-18,7.8874398319368355
17,Bear.230502.1615.B5_CorrectionData.txt,2023-05-02 16:15:00,4.25,15,1,9.374109089425995e-22,0.0015029021025066854,3.5936758264279854e-17,0.020759540009853063,15.138438716851438
18,Bear.230502.1630.C5_CorrectionData.txt,2023-05-02 16:30:00,4.5,15,1,0.0,0.003456761080512655,0.0,1.4764502759775655,34.81927777521704
19,Bear.230502.1645.D5_CorrectionData.txt,2023-05-02 16:45:00,4.75,15,1,0.009986188066267665,0.0008175652848893627,382.8323556890377,0.0,8.235175093360912
20,Bear.230502.1700.A6_CorrectionData.txt,2023-05-02 17:00:00,5.0,15,1,0.0,0.0005369448719288117,0.0,0.0,5.408540599194352
21,Bear.230502.1715.B6_CorrectionData.txt,2023-05-02 17:15:00,5.25,15,1,0.0,0.0009179253547123112,0.0,1.509361347586286e-19,9.246082433299827
22,Bear.230502.1730.C6_CorrectionData.txt,2023-05-02 17:30:00,5.5,15,1,0.0,0.0007173207268068044,0.0,3.2455594455264625e-18,7.225431280573936
23,Bear.230502.1745.D6_CorrectionData.txt,2023-05-02 17:45:00,5.75,15,1,3.619821871607405e-23,0.07258194030447528,1.387701618561747e-18,2.451073548368602e-19,731.1036782880411
24,Bear.230502.1800.A7.50x_CorrectionData.txt,2023-05-02 18:00:00,6.0,15,50,0.0017856201921221564,106.65468314580124,1.3690773295671166,855.8142952186711,21486.234958018336
25,Bear.230502.1815.B7.100x_CorrectionData.txt,2023-05-02 18:15:00,6.25,15,100,0.037556621881167054,302.01792994760746,14.397776139482792,1059.0552673588402,30421.67494660117
26,Bear.230502.1830.C7.100x_CorrectionData.txt,2023-05-02 18:30:00,6.5,15,100,3.545008711262932e-19,231.14067704240173,1.359021106817769e-16,853.1836856636148,23282.347988879625
27,Bear.230502.1845.D7.50x_CorrectionData.txt,2023-05-02 18:45:00,6.75,15,50,0.007696027957730778,88.30545139076789,5.900727070140071,763.1465208364538,17789.67055822715
28,Bear.230502.1900.A8.25x_CorrectionData.txt,2023-05-02 19:00:00,7.0,15,25,0.038749974724894116,38.695945982298554,59.42104838554825,450.98294978670816,15591.067598257338
29,Bear.230502.1915.B8.100x_CorrectionData.txt,2023-05-02 19:15:00,7.25,15,100,0.4279732724976766,185.90322285022364,164.06862658202257,614.3807675940917,18725.66777097025
30,Bear.230502.1930.C8.25x_CorrectionData.txt,2023-05-02 19:30:00,7.5,15,25,0.009084480670409758,60.18458614396831,13.93057335666355,1038.0469376032247,24249.102254096488
31,Bear.230502.1945.D8.25x_CorrectionData.txt,2023-05-02 19:45:00,7.75,15,25,0.018750427305644947,19.813335736345316,28.752794191183252,393.9999953807252,7983.0341130215265
32,Bear.230502.2000.A9.10x_CorrectionData.txt,2023-05-02 20:00:00,8.0,15,11,0.002992872721917686,7.507571230338832,10.430483918988614,232.94528908678632,6874.754141175509
33,Bear.230502.2015.B9.10x_CorrectionData.txt,2023-05-02 20:15:00,8.25,15,11,0.0010146852280707144,9.777598263940442,3.536287352522427,285.2483906499967,8953.439413819762
34,Bear.230502.2045.D9.2x_CorrectionData.txt,2023-05-02 20:45:00,8.75,15,2,0.00043943403952432445,3.066555925876503,8.42311237304399,720.4297146157311,15444.408813538324
35,Bear.230502.2100.A10_CorrectionData.txt,2023-05-02 21:00:00,9.0,15,1,1.7869016701878052e-23,3.316189595026772,6.850299345887939e-19,1620.2299391991985,33403.32871585018
36,Bear.230502.2130.C10_CorrectionData.txt,2023-05-02 21:30:00,9.5,15,1,1.2041015617106198e-19,2.8522873722509683,4.616066053428662e-15,972.0098678481278,28730.532425001005
37,Bear.230502.2145.D10_CorrectionData.txt,2023-05-02 21:45:00,9.75,15,1,0.0023091277454529865,2.2520595182746557,88.52314902467899,734.2350439940208,22684.554733964243
38,Bear.230502.2200.A11_CorrectionData.txt,2023-05-02 22:00:00,10.0,15,1,6.119449499466105e-05,2.0708873632450473,2.345963496636113,752.3552256382558,20859.64307701656
39,Bear.230502.2215.B11_CorrectionData.txt,2023-05-02 22:15:00,10.25,15,1,0.018637793144852515,2.2080248979642634,714.5018907255214,777.2351232488886,22241.002622434924
40,Bear.230502.2230.C11.3x_CorrectionData.txt,2023-05-02 22:30:00,10.5,15,3,0.908692052581979,1.7472604102639968,11611.928955519352,114.83140781220371,5866.604040951841
41,Bear.230502.2245.D11.25x_CorrectionData.txt,2023-05-02 22:45:00,10.75,15,25,4.8518689543270375,1.3271782957154123,7440.085882435219,100.30288202005605,534.736288212325
42,Bear.230502.2300.A12.50x_CorrectionData.txt,2023-05-02 23:00:00,11.0,15,50,14.33035144964377,1.2078552057415834,10987.420158549801,1.1653077614851657e-18,243.3297815000909
43,Bear.230502.2315.B12.50xa_CorrectionData.txt,2023-05-02 23:15:00,11.25,15,50,10.948260747726282,1.3746342787789076,8394.291044663638,107.39542492463247,276.928440683783
44,Bear.230502.2330.C12.50x_CorrectionData.txt,2023-05-02 23:30:00,11.5,15,50,11.883149024377266,1.3557446457346498,9111.092047972057,74.08834650176539,273.12300915570995
45,Bear.230502.2345.D12.50x_CorrectionData.txt,2023-05-02 23:45:00,11.75,15,50,8.212246460043255,1.0767030006745124,6296.524032863236,141.218763141108,216.9083716733792
46,Bear.230503.0000.A13.25x_CorrectionData.txt,2023-05-03 00:00:00,12.0,15,25,5.325118058777996,0.8633973023336596,8165.788496014784,2.583970640797768e-17,347.87328137668413
47,Bear.230503.0015.B13.50x_CorrectionData.txt,2023-05-03 00:15:00,12.25,15,50,9.593075343374643,0.884093481648246,7355.238270370667,0.01095357420121351,178.1060119561614
48,Bear.230503.0030.C13.25x_CorrectionData.txt,2023-05-03 00:30:00,12.5,15,25,3.940854020031432,1.5283571165094398,6043.092390825034,105.12043270096642,615.7936836245528
49,Bear.230503.0045.D13.10x_CorrectionData.txt,2023-05-03 00:45:00,12.75,15,11,2.1805690108056983,0.7936501990249524,7599.517959748138,49.14721493867134,726.7530103933907
50,Bear.230503.0100.A14.5x_CorrectionData.txt,2023-05-03 01:00:00,13.0,15,6,1.121411707934357,0.7568465404355305,7165.107830216549,17.749360972028818,1270.5945108172623
51,Bear.230503.0115.B14.5x_CorrectionData.txt,2023-05-03 01:15:00,13.25,15,6,1.3646182806876592,0.7114945742948551,8719.043201557277,45.483110022856636,1194.4575977781242
52,Bear.230503.0130.C14.3x_CorrectionData.txt,2023-05-03 01:30:00,13.5,15,3,0.6742914202652542,0.6500524737722493,8616.5869341418,3.359883535686068e-17,2182.617111370831
53,Bear.230503.0145.D14.2x_CorrectionData.txt,2023-05-03 01:45:00,13.75,15,2,0.4517660903804487,0.7170141334665528,8659.494266134632,13.243833097740763,3611.1715129334125
54,Bear.230503.0215.B15_CorrectionData.txt,2023-05-03 02:15:00,14.25,15,1,0.37711677132756677,0.7200511505092969,14457.21840797814,145.13053476418727,7252.934304105728
55,Bear.230503.0230.C15_CorrectionData.txt,2023-05-03 02:30:00,14.5,15,1,0.27864288904866946,0.6903687243646971,10682.105414260486,126.18335307238591,6953.949035266173
56,Bear.230503.0245.D15_CorrectionData.txt,2023-05-03 02:45:00,14.75,15,1,0.2260947922892483,0.6339936920518406,8667.611842149798,128.41108028971215,6386.094369013951
57,Bear.230503.0315.B16_CorrectionData.txt,2023-05-03 03:15:00,15.25,15,1,0.2093646057774541,0.695476415685156,8026.240312700828,148.05970123628936,7005.397810213254
58,Bear.230503.0330.C16_CorrectionData.txt,2023-05-03 03:30:00,15.5,15,1,0.1657308361968199,0.6000076687755249,6353.488038730272,197.25819734770835,6043.75980860588
59,Bear.230503.0345.D16_CorrectionData.txt,2023-05-03 03:45:00,15.75,15,1,0.15349994429209263,0.5607937870843706,5884.602300849835,277.67159055005,5648.76605362924
60,Bear.230503.0415.B17_CorrectionData.txt,2023-05-03 04:15:00,16.25,15,1,0.1406716351610478,0.6248029783283262,5392.813865507399,222.61026201314016,6293.518108567254
61,Bear.230503.0430.C17_CorrectionData.txt,2023-05-03 04:30:00,16.5,15,1,0.11816694062374768,0.5305258849644716,4530.06972664232,67.88280391858683,5343.8833998851915
62,Bear.230503.0445.D17_CorrectionData.txt,2023-05-03 04:45:00,16.75,15,1,0.10598754617197097,0.49398213289524795,4063.1582046583026,48.96651001280214,4975.785337968152
63,Bear.230503.0515.B18_CorrectionData.txt,2023-05-03 05:15:00,17.25,15,1,0.10040350681633882,0.5547287862372178,3849.0874374555437,180.75285437949108,5587.674487193118
64,Bear.230503.0530.C18_CorrectionData.txt,2023-05-03 05:30:00,17.5,15,1,0.08978695370856486,0.4553227688841953,3442.089290757719,125.21737629565459,4586.3771310479215
65,Bear.230503.0545.D18_CorrectionData.txt,2023-05-03 05:45:00,17.75,15,1,0.08046287079836831,0.43213282151062804,3084.6395209894067,69.9840746018539,4352.789330101854
66,Bear.230503.0615.B19_CorrectionData.txt,2023-05-03 06:15:00,18.25,15,1,0.080412538373411,0.4655376557959077,3082.709967821964,41.43211133612437,4689.269687558826
67,Bear.230503.0630.C19_CorrectionData.txt,2023-05-03 06:30:00,18.5,15,1,0.07294604325414863,0.45909573421948185,2796.4730277323456,58.1991485920297,4624.381472391097
68,Bear.230503.0645.D19_CorrectionData.txt,2023-05-03 06:45:00,18.75,15,1,0.06489937835034418,0.413531408970658,2487.9945913037886,94.96056813116763,4165.420942424749
69,Bear.230503.0715.B20_CorrectionData.txt,2023-05-03 07:15:00,19.25,15,1,0.06272145879663908,0.4022710644804075,2404.5014638247903,32.537685909614574,4051.9976963517174
70,Bear.230503.0730.C20_CorrectionData.txt,2023-05-03 07:30:00,19.5,15,1,0.05990913752564534,0.40324740078256816,2296.687794586402,15.372756772398475,4061.832140825941
71,Bear.230503.0745.D20_CorrectionData.txt,2023-05-03 07:45:00,19.75,15,1,0.05306047788817112,0.3809527078744949,2034.1363099830667,37.055410758555986,3837.262062883431
72,Bear.230503.0815.B21_CorrectionData.txt,2023-05-03 08:15:00,20.25,15,1,0.04842278429978651,0.40646363500631866,1856.3448294277837,50.921441469400875,4094.228638651102
73,Bear.230503.0830.C21_CorrectionData.txt,2023-05-03 08:30:00,20.5,15,1,0.045832432444048235,0.35984868145827864,1757.0406208133359,43.12641706593518,3624.685335465297
74,Bear.230503.0845.D21_CorrectionData.txt,2023-05-03 08:45:00,20.75,15,1,0.04297393137887016,0.3315418681522905,1647.4565944301085,20.437988729492805,3339.5563455015945
75,Bear.230503.0915.B22_CorrectionData.txt,2023-05-03 09:15:00,21.25,15,1,0.03604373894194493,0.3625742303792589,1381.7794533227475,36.40277112011544,3652.139256277053
76,Bear.230503.0930.C22_CorrectionData.txt,2023-05-03 09:30:00,21.5,15,1,0.038692820818975376,0.32266669276760385,1483.3351469134195,20.110294726988343,3250.1584409818693
77,Bear.230503.0945.D22_CorrectionData.txt,2023-05-03 09:45:00,21.75,15,1,0.03735907532622221,0.30088187366045593,1432.2044326216378,12.446269830837654,3030.7242220389317
78,Bear.230503.1015.B23_CorrectionData.txt,2023-05-03 10:15:00,22.25,15,1,0.03138197639788245,0.3199010400146512,1203.065260823729,26.7369070883484,3222.300562120143
79,Bear.230503.1030.C23_CorrectionData.txt,2023-05-03 10:30:00,22.5,15,1,0.034718571011652,0.287641847882774,1330.9775700544687,9.720973832622157,2897.3600338388696
80,Bear.230503.1045.D23_CorrectionData.txt,2023-05-03 10:45:00,22.75,15,1,0.03281349420531228,0.24769576802976856,1257.944192683661,76.1666653299625,2494.9909900904013
81,Bear.230503.1115.B24_CorrectionData.txt,2023-05-03 11:15:00,23.25,15,1,0.024000329410822935,0.2565051063025556,920.0810744486898,51.4750667951369,2583.7257302682015
82,Bear.230503.1130.C24_CorrectionData.txt,2023-05-03 11:30:00,23.5,15,1,0.028769334083239385,0.256374819703835,1102.906521047312,34.822809731692125,2582.41337886017
83,Bear.230503.1145.D24_CorrectionData.txt,2023-05-03 11:45:00,23.75,15,1,0.0274933457077083,0.22086351957372907,1053.9899943010892,74.12269511214078,2224.7150032449586
84,Bear.230503.1300_CorrectionData.txt,2023-05-03 13:00:00,25.0,15,1,0.026258932194724718,0.21754868284644666,1006.6672891873941,53.83977781367895,2191.3253017011016
85,Bear.230503.1330_CorrectionData.txt,2023-05-03 13:30:00,25.5,15,1,0.02542851529187594,0.2246600272724927,974.8322729617872,119.77555194945262,2262.9564822075126
86,Bear.230503.1343_CorrectionData.txt,2023-05-03 13:43:00,25.716666666666665,15,1,0.027263175849828965,0.238663968191733,1045.1661599895558,71.65440866523491,2404.015438108058
87,Bear.230503.1404_CorrectionData.txt,2023-05-03 14:04:00,26.066666666666666,15,1,0.026081379741194528,0.2262291572483272,999.8606054365707,42.818046056632525,2278.7620213296723
88,Bear.230503.1429_CorrectionData.txt,2023-05-03 14:29:00,26.483333333333334,15,1,0.023284917979638012,0.1979635334414483,892.6549292900044,29.15663064391957,1994.0479251285126
89,Bear.230503.1500.2A1_CorrectionData.txt,2023-05-03 15:00:00,27.0,15,1,0.02322719475828312,0.20064852640251699,890.4420411826895,79.63211274599817,2021.0933336940616
90,Bear.230503.1530.2B1_CorrectionData.txt,2023-05-03 15:30:00,27.5,15,1,0.01918919359931037,0.17896799020945497,735.6404806967198,13.731762996314194,1802.709536133509
91,Bear.230503.1600.2A2_CorrectionData.txt,2023-05-03 16:00:00,28.0,15,1,0.020892483942308075,0.18846548471997374,800.9381348271125,43.01329632247627,1898.3759394017695
92,Bear.230503.1630.2B2_CorrectionData.txt,2023-05-03 16:30:00,28.5,15,1,0.019255084693899884,0.35829647182377106,738.1664939054878,33.455887596978094,3609.05023162952
93,Bear.230503.1700.2A3_CorrectionData.txt,2023-05-03 17:00:00,29.0,15,1,0.018568804016634015,0.18114000054102058,711.8571107256298,12.112936562667485,1824.5877710777095
94,Bear.230503.1730.2B3_CorrectionData.txt,2023-05-03 17:30:00,29.5,15,1,0.018160802101792863,0.15369389388790927,696.2158737343206,35.352173869662344,1548.1285107630838
95,Bear.230503.1800.2A4_CorrectionData.txt,2023-05-03 18:00:00,30.0,15,1,0.016973035154889505,0.16864789744044484,650.6814200193368,13.501622783822546,1698.757261613894
96,Bear.230503.1830.2B4_CorrectionData.txt,2023-05-03 18:30:00,30.5,15,1,0.017414747526818455,0.14743296924665705,667.6149873385585,12.865983539532944,1485.063442296989
97,Bear.230503.1900.2A5_CorrectionData.txt,2023-05-03 19:00:00,31.0,15,1,0.016993961342616944,0.15206042253022642,651.4836502287144,15.268786238420919,1531.6748734950474
98,Bear.230503.1930.2B5_CorrectionData.txt,2023-05-03 19:30:00,31.5,15,1,0.017009973306417167,0.14373264389679044,652.0974878392391,20.147902780066183,1447.7907893091885
99,Bear.230503.2000.2A6_CorrectionData.txt,2023-05-03 20:00:00,32.0,15,1,0.0160144318452856,0.1405998185151875,613.9322259573297,15.864092267867669,1416.234452425441
100,Bear.230503.2030.2B6_CorrectionData.txt,2023-05-03 20:30:00,32.5,15,1,0.017478089968202604,0.13304775193313798,670.0432949058976,29.129273314022456,1340.1639639037646
101,Bear.230503.2045.2D6_CorrectionData.txt,2023-05-03 20:45:00,32.75,15,1,0.01550058614625925,0.13011708237708652,594.2333420475195,41.855772586843365,1310.643903083017
102,Bear.230503.2100.2A7_CorrectionData.txt,2023-05-03 21:00:00,33.0,15,1,0.0151305942286979,0.47524952876505094,580.0492633534302,127.03563567161895,4787.095483080705
103,Bear.230503.2130.2B7_CorrectionData.txt,2023-05-03 21:30:00,33.5,15,1,0.014330599307522826,0.12197055136480006,549.3805098530582,17.429690219735207,1228.5854907095604
104,Bear.230503.2145.2D7_CorrectionData.txt,2023-05-03 21:45:00,33.75,15,1,0.01496333520922969,0.11883254494898463,573.637190597706,11.69401021289214,1196.97696628227
105,Bear.230503.2200.2A8_CorrectionData.txt,2023-05-03 22:00:00,34.0,15,1,0.01331757905201017,0.2622395567559437,510.54517767173996,46.25247991653921,2641.4877272862677
106,Bear.230503.2230.2B8_CorrectionData.txt,2023-05-03 22:30:00,34.5,15,1,0.013343474923057088,0.11963215044771702,511.53792658150655,27.866144068399034,1205.031235964925
107,Bear.230503.2300.2A9_CorrectionData.txt,2023-05-03 23:00:00,35.0,15,1,0.013234724061201809,0.14477122876363507,507.3688333948979,12.033700854191288,1458.2522513916176
108,Bear.230503.2330.2B9_CorrectionData.txt,2023-05-03 23:30:00,35.5,15,1,0.014308104706416762,0.11639355280891654,548.5181526578428,33.57037080829046,1172.4094758371373
109,Bear.230504.0000.2A10_CorrectionData.txt,2023-05-04 00:00:00,36.0,15,1,0.012611432735676442,0.13359277599449404,483.4742216723888,8.466232273661324,1345.653884596727
110,Bear.230504.0030.2B10_CorrectionData.txt,2023-05-04 00:30:00,36.5,15,1,0.013029150515089395,0.11058910389357421,499.48792784782466,17.32583169094765,1113.942398012543
111,Bear.230504.0045.2D10_CorrectionData.txt,2023-05-04 00:45:00,36.75,15,1,0.01134381958151237,0.10523327980723052,434.87876896403446,15.309022142511594,1059.9942302815114
112,Bear.230504.0100.2A11_CorrectionData.txt,2023-05-04 01:00:00,37.0,15,1,0.0117680101738259,0.12042198824840362,451.14061809394093,4.980819483288827,1212.9871175369874
113,Bear.230504.0130.2B11_CorrectionData.txt,2023-05-04 01:30:00,37.5,15,1,0.012398590779652033,0.11098259402000009,475.31467301642795,23.085434891074634,1117.9059470385566
114,Bear.230504.0145.2D11_CorrectionData.txt,2023-05-04 01:45:00,37.75,15,1,0.011135423888094914,0.09769685582688699,426.88967305506134,10.352616188861315,984.0813066251067
115,Bear.230504.0200.2A12_CorrectionData.txt,2023-05-04 02:00:00,38.0,15,1,0.01089579088985209,0.10525318002500775,417.7030580414694,10.002157912580673,1060.1946812801293
116,Bear.230504.0230.2B12_CorrectionData.txt,2023-05-04 02:30:00,38.5,15,1,0.01095066822556723,0.15268902109297822,419.8068457496872,83.23767517825472,1538.006623782606
117,Bear.230504.0245.2D12_CorrectionData.txt,2023-05-04 02:45:00,38.75,15,1,0.011005116825518177,0.09511046347868402,421.8941973642239,10.240730573472367,958.0290827339434
118,Bear.230504.0300.2A13_CorrectionData.txt,2023-05-04 03:00:00,39.0,15,1,0.01114974498956935,0.10504365305344592,427.43868945422565,5.687595753479993,1058.0841571061158
119,Bear.230504.0330.2B13_CorrectionData.txt,2023-05-04 03:30:00,39.5,15,1,0.010935672138674976,0.09557290084564661,419.23195298450173,8.833075565792273,962.687123818901
120,Bear.230504.0345.2D13_CorrectionData.txt,2023-05-04 03:45:00,39.75,15,1,0.015017071117603966,0.13087989696300847,575.6972203359305,39.40978437868412,1318.3275851019848
121,Bear.230504.0400.2A14_CorrectionData.txt,2023-05-04 04:00:00,40.0,15,1,0.010303019994751734,0.10435603989524567,394.97848319376334,12.756791825771083,1051.1579643494795
122,Bear.230504.0430.2B14_CorrectionData.txt,2023-05-04 04:30:00,40.5,15,1,0.011031123725307172,0.0888390427976205,422.8912026924153,8.106256858896693,894.8582897132101
123,Bear.230504.0445.2D14_CorrectionData.txt,2023-05-04 04:45:00,40.75,15,1,0.01025908361103788,0.0894599234099135,393.29412984832123,12.110757290729248,901.1122985964247
124,Bear.230504.0500.2A15_CorrectionData.txt,2023-05-04 05:00:00,41.0,15,1,0.009887989183263697,0.09919333323453805,379.0677851184684,33.283216394462094,999.1550306481772
125,Bear.230504.0530.2B15_CorrectionData.txt,2023-05-04 05:30:00,41.5,15,1,0.009310204719939945,0.08972542933604492,356.9177328956456,10.238194482568712,903.7866878231066
126,Bear.230504.0545.2D15_CorrectionData.txt,2023-05-04 05:45:00,41.75,15,1,0.009049593344076035,0.0842623957314935,346.92688691124476,17.18094627212856,848.7586195991926
127,Bear.230504.0600.2A16_CorrectionData.txt,2023-05-04 06:00:00,42.0,15,1,0.00916608474252115,0.09331163208275955,351.39272274252625,20.52482160030703,939.9098061664733
128,Bear.230504.0630.2B16_CorrectionData.txt,2023-05-04 06:30:00,42.5,15,1,0.00928159143995709,0.08555247582341685,355.82080889350027,18.465497789574204,861.7533438589019
129,Bear.230504.0645.2D16_CorrectionData.txt,2023-05-04 06:45:00,42.75,15,1,0.009486330078297462,0.08366667219660519,363.66970726155444,15.459859219549084,842.7580130327028
130,Bear.230504.0700.2A17_CorrectionData.txt,2023-05-04 07:00:00,43.0,15,1,0.008512080135685614,0.08459364317202792,326.32068097795445,0.0,852.0952102329273
131,Bear.230504.0730.2B17_CorrectionData.txt,2023-05-04 07:30:00,43.5,15,1,0.010087046151894869,0.0800071524792666,386.69886994399906,0.0,805.8963871945067
132,Bear.230504.0745.2D17_CorrectionData.txt,2023-05-04 07:45:00,43.75,15,1,0.008477227600838144,0.07686696170070487,324.98456774547276,6.510655308721768e-17,774.2658601088162
133,Bear.230504.0800.2A18_CorrectionData.txt,2023-05-04 08:00:00,44.0,15,1,0.008148105864779894,0.07791908039295774,312.36729590084815,4.003636716848402,784.863645765619
134,Bear.230504.0830.2B18_CorrectionData.txt,2023-05-04 08:30:00,44.5,15,1,0.008672833502637202,0.07809131234114676,332.4833518336038,5.2189101868319484e-18,786.5985044689202
135,Bear.230504.0845.2D18_CorrectionData.txt,2023-05-04 08:45:00,44.75,15,1,0.008059952488658652,0.07487568131530611,308.9878317431047,3.4977805284078576,754.2080825382421
136,Bear.230504.0900.2A19_CorrectionData.txt,2023-05-04 09:00:00,45.0,15,1,0.007717924307256704,0.07822764854199758,295.8757760188143,4.612510374583759,787.9717923351266
137,Bear.230504.0930.2B19_CorrectionData.txt,2023-05-04 09:30:00,45.5,15,1,0.008352436628249095,0.07410068070341923,320.2005579022807,1.8857444133098142,746.4016530648894
138,Bear.230504.0945.2D19_CorrectionData.txt,2023-05-04 09:45:00,45.75,15,1,0.008046821540553233,0.07433811969807108,308.4844412839756,6.29918348256523,748.7933295842932
139,Bear.230504.1000.2A20_CorrectionData.txt,2023-05-04 10:00:00,46.0,15,1,0.006941338213879573,0.07718316365695897,266.1044276774816,1.2169838197211507,777.4509005242348
140,Bear.230504.1015.3D2_CorrectionData.txt,2023-05-04 10:15:00,46.25,15,1,0.0066380936396734595,0.05084555934410894,254.47918750346648,4.4634909424836845e-18,512.157367316879
141,Bear.230504.1030.2B20_CorrectionData.txt,2023-05-04 10:30:00,46.5,15,1,0.0072134541843234005,0.06993595384762977,276.5363159309696,9.21863322448818,704.4511746048237
142,Bear.230504.1045.2D20_CorrectionData.txt,2023-05-04 10:45:00,46.75,15,1,0.006805681352526472,0.06929976364933425,260.9038611096822,4.060906882161707,698.0429552583375
143,Bear.230504.1100.2A21_CorrectionData.txt,2023-05-04 11:00:00,47.0,15,1,0.0056031379244977945,0.07481317316244737,214.80293347687697,7.891055236103183,753.5784501491614
144,Bear.230504.1130.2B21_CorrectionData.txt,2023-05-04 11:30:00,47.5,15,1,0.0065259555955921944,0.0683174558777708,250.18024267155357,3.7734779103185705,688.1483613416095
145,Bear.230504.1145.2D21_CorrectionData.txt,2023-05-04 11:45:00,47.75,15,1,0.006465531318840749,0.06537105414517988,247.8638064041753,15.060453997111914,658.4698333858247
146,Bear.230504.1200.2A22_CorrectionData.txt,2023-05-04 12:00:00,48.0,15,1,0.007863277623054334,0.06902322848729417,301.44806766050544,13.659872289058484,695.2574706970902
147,Bear.230504.1230.2B22_CorrectionData.txt,2023-05-04 12:30:00,48.5,15,1,0.00685605634967588,0.07235738748049338,262.83504633256825,18.04722537917879,728.8418016435969
148,Bear.230504.1245.2D22_CorrectionData.txt,2023-05-04 12:45:00,48.75,15,1,0.005695807634990369,0.06600046901517437,218.3555366657485,0.0,664.8098061764637
149,Bear.230504.1300.2A23_CorrectionData.txt,2023-05-04 13:00:00,49.0,15,1,0.005761162178281296,0.062376707326510135,220.86098054453558,8.42578314662496,628.3083639622171
150,Bear.230504.1330.2B23_CorrectionData.txt,2023-05-04 13:30:00,49.5,15,1,0.006041511862558875,0.0660473148235521,231.60851797688207,5.009246449677938,665.2816748351639
151,Bear.230504.1345.2D23_CorrectionData.txt,2023-05-04 13:45:00,49.75,15,1,0.006627633883831831,0.061731425382744884,254.0782003658109,4.185377900143441,621.8085652431334
152,Bear.230504.1500.3A1_CorrectionData.txt,2023-05-04 15:00:00,51.0,15,1,0.00681885137473727,0.06040562218845853,261.4087495209538,10.169017551005552,608.4540091653729
153,Bear.230504.1630.3C1_CorrectionData.txt,2023-05-04 16:30:00,52.5,15,1,0.007701157339952054,0.05725507347918482,295.2329944540766,1.716788238547304e-19,576.7191486709693
154,Bear.230504.1715.3D1_CorrectionData.txt,2023-05-04 17:15:00,53.25,15,1,0.006484894417150956,0.05683327888410069,248.6061137280855,1.0297617194114782e-16,572.4704942721696
155,Bear.230504.1800.3A2_CorrectionData.txt,2023-05-04 18:00:00,54.0,15,1,0.006360888882467299,0.0741996361884843,243.85221457794,0.08752846291369147,747.3984122974804
156,Bear.230504.1845.3B2_CorrectionData.txt,2023-05-04 18:45:00,54.75,15,1,0.005592484975952997,0.06394521158947704,214.39454006796302,6.232591001206649e-19,644.1076004011314
157,Bear.230504.1930.3C2_CorrectionData.txt,2023-05-04 19:30:00,55.5,15,1,0.00663188644118449,0.05539694453248907,254.24122719228544,6.116462604863521,558.0025794808372
158,Bear.230504.2100.3A3_CorrectionData.txt,2023-05-04 21:00:00,57.0,15,1,0.006029778010989535,0.051485483155208414,231.15868686937773,3.853228924039423,518.6031946143628
159,Bear.230504.2145.3B3_CorrectionData.txt,2023-05-04 21:45:00,57.75,15,1,0.006064344670256552,0.0613804799652489,232.4838407226476,13.556812327127291,618.2735607429324
160,Bear.230504.2230.3C3_CorrectionData.txt,2023-05-04 22:30:00,58.5,15,1,0.006033996293262142,0.0524869925473588,231.32039972003375,14.959376032303705,528.6912026969467
161,Bear.230504.2315.3D3_CorrectionData.txt,2023-05-04 23:15:00,59.25,15,1,0.006058058585946504,0.04708085072571691,232.24285623001578,1.2284685531045142e-18,474.23619426690203
162,Bear.230505.0000.3A4_CorrectionData.txt,2023-05-05 00:00:00,60.0,15,1,0.006070179389846453,0.049550604164452304,232.7075216137508,13.73725701276531,499.1135372526289
163,Bear.230505.0045.3B4_CorrectionData.txt,2023-05-05 00:45:00,60.75,15,1,0.006350783533050094,0.05635717158705569,243.46481403062631,1.5874747843427672e-16,567.6747586570953
164,Bear.230505.0130.3C4_CorrectionData.txt,2023-05-05 01:30:00,61.5,15,1,0.0064922959619382,0.045047105847320454,248.88986072021453,0.8208943252515878,453.7506801698996
165,Bear.230505.0215.3D4_CorrectionData.txt,2023-05-05 02:15:00,62.25,15,1,0.00543358445174981,0.04815410440583755,208.30290013516282,4.834085989486219,485.04686851976425
166,Bear.230505.0300.3A5_CorrectionData.txt,2023-05-05 03:00:00,63.0,15,1,0.00709146058348052,0.04238236086464868,271.8595466492627,0.0,426.9092255276239
167,Bear.230505.0345.3B5_CorrectionData.txt,2023-05-05 03:45:00,63.75,15,1,0.006072889594450467,0.048682696929088685,232.81142051952634,0.0,490.3712775455262
168,Bear.230505.0430.3C5_CorrectionData.txt,2023-05-05 04:30:00,64.5,15,1,0.005467038580865428,0.041747736401981685,209.5854038264481,1.9694164239494443,420.51677752966367
169,Bear.230505.0515.3D5_CorrectionData.txt,2023-05-05 05:15:00,65.25,15,1,0.005705371497536494,0.04476872788688141,218.72217867205987,5.7681858320621755,450.946633461069
170,Bear.230505.0600.3A6_CorrectionData.txt,2023-05-05 06:00:00,66.0,15,1,0.005948874233348,0.0428968575774012,228.05714466196892,7.55900772583523,432.0916502131938
171,Bear.230505.0645.3B6_CorrectionData.txt,2023-05-05 06:45:00,66.75,15,1,0.005153301288261012,0.1556715002228294,197.55791285609826,7.995859592227903,1568.0485522995966
172,Bear.230505.0730.3C6_CorrectionData.txt,2023-05-05 07:30:00,67.5,15,1,0.006051470470145926,0.05011250149524053,231.99029300221048,6.932536788463411,504.77341908599146
173,Bear.230505.0815.3D6_CorrectionData.txt,2023-05-05 08:15:00,68.25,15,1,0.004892055913509888,0.0423154519118307,187.5427617729064,9.19456196492536,426.2352647419185
174,Bear.230505.0900.3A7_CorrectionData.txt,2023-05-05 09:00:00,69.0,15,1,0.005595306064349157,0.03948300194360758,214.5026898353359,1.2132110032642622,397.7045506049325
175,Bear.230505.0945.3B7_CorrectionData.txt,2023-05-05 09:45:00,69.75,15,1,0.004035424229346621,0.048268068391364743,154.70277083443602,7.167523337407859,486.1948054399097
176,Bear.230505.1030.3C7_CorrectionData.txt,2023-05-05 10:30:00,70.5,15,1,0.005872931736756374,0.04415582761886444,225.1457990439863,0.0,444.77300902376106
177,Bear.230505.1115.3D7_CorrectionData.txt,2023-05-05 11:15:00,71.25,15,1,0.004412932069925206,0.036493675164001864,169.1749813456683,0.0,367.593647052249
178,Bear.230505.1200.3A8_CorrectionData.txt,2023-05-05 12:00:00,72.0,15,1,0.004660685346966638,0.03499100365403796,178.67289687159726,3.1639246600299202,352.4575310489474
179,Bear.230505.1245.3B8_CorrectionData.txt,2023-05-05 12:45:00,72.75,15,1,0.003422564878343887,0.045364402137794385,131.20808121979096,1.1180738437763572e-17,456.94674359972146
180,Bear.230505.1330.3C8_CorrectionData.txt,2023-05-05 13:30:00,73.5,15,1,0.005379288485958996,0.033661681667636285,206.22139993206505,7.928214585874778e-18,339.0675308669392
181,Bear.230505.1415.3D8_CorrectionData.txt,2023-05-05 14:15:00,74.25,15,1,0.0038053136629765455,0.03262681368653465,145.88120953318568,0.0,328.6435082470965
182,Bear.230505.1500.3A9_CorrectionData.txt,2023-05-05 15:00:00,75.0,15,1,0.003922215198551085,0.03497443553426088,150.3627684574403,13.233111664867568,352.2906436212962
183,Bear.230505.1545.3B9_CorrectionData.txt,2023-05-05 15:45:00,75.75,15,1,0.0029912417305277437,0.035763655910129234,114.67279712080237,7.733362417122952e-17,360.24030599401254
184,Bear.230505.1630.3C9_CorrectionData.txt,2023-05-05 16:30:00,76.5,15,1,0.003776118957816612,0.03262869515778875,144.76199590774056,0.4614989134260799,328.66245993878033
185,Bear.230505.1715.3D9_CorrectionData.txt,2023-05-05 17:15:00,77.25,15,1,0.003969278371309769,0.03336519784077967,152.166990966955,4.493508126329575,336.08110730952956
186,Bear.230505.1800.3A10_CorrectionData.txt,2023-05-05 18:00:00,78.0,15,1,0.005389684183287074,0.0306928487031189,206.61993131067803,9.375417198213488e-18,309.16305750240423
187,Bear.230505.1845.3B10_CorrectionData.txt,2023-05-05 18:45:00,78.75,15,1,0.003446678168054686,0.03717858050755128,132.13249276122585,1.7418228351663163,374.4925645219056
188,Bear.230505.1930.3C10_CorrectionData.txt,2023-05-05 19:30:00,79.5,15,1,0.004664115726138489,0.030701289344291366,178.80440452302057,2.6760659578524913e-19,309.24807842885525
189,Bear.230505.2015.3D10_CorrectionData.txt,2023-05-05 20:15:00,80.25,15,1,0.004426368052842227,0.03325774819525727,169.6900656758439,0.0,334.9987880612065
190,Bear.230505.2100.3A11_CorrectionData.txt,2023-05-05 21:00:00,81.0,15,1,0.005942948458538626,0.03266385112783095,227.82997306110371,3.2638778457531813e-18,329.0165791439685
191,Bear.230505.2145.3B11_CorrectionData.txt,2023-05-05 21:45:00,81.75,15,1,0.004991299335289136,0.03577949532350128,191.34737597546973,5.287027122811248,360.3998533046748
192,Bear.230505.2230.3C11_CorrectionData.txt,2023-05-05 22:30:00,82.5,15,1,0.004080654785849729,0.0317496334620312,156.43673782767758,1.1852903767244773e-18,319.80784353538223
193,Bear.230505.2315.3D11_CorrectionData.txt,2023-05-05 23:15:00,83.25,15,1,0.0043010891236243695,0.029862565266957953,164.88734943693393,4.262800662057135e-18,300.7997749605971
194,Bear.230506.0000.3A12_CorrectionData.txt,2023-05-06 00:00:00,84.0,15,1,0.004242453333489437,0.02977703816475508,162.6394769238105,4.035888216581996,299.9382772002516
195,Bear.230506.0045.3B12_CorrectionData.txt,2023-05-06 00:45:00,84.75,15,1,0.00432271254029912,0.034732280222983206,165.7163087444001,1.3657721713489464,349.851460567641
196,Bear.230506.0130.3C12_CorrectionData.txt,2023-05-06 01:30:00,85.5,15,1,0.004991617067872932,0.027658195443895132,191.35955663066335,5.150756118655945e-18,278.59558919223986
197,Bear.230506.0215.3D12_CorrectionData.txt,2023-05-06 02:15:00,86.25,15,1,0.00425291304836662,0.02700246821044249,163.0404624910455,0.0,271.9905771145825
198,Bear.230506.0300.3A13_CorrectionData.txt,2023-05-06 03:00:00,87.0,15,1,0.0053941802886734395,0.026584727045579803,206.79229483969092,4.647967502735128e-18,267.7827521250291
199,Bear.230506.0345.3B13_CorrectionData.txt,2023-05-06 03:45:00,87.75,15,1,0.005436273871852798,0.04759869013883761,208.4060022424566,4.1485737749594325,479.4522893190168
200,Bear.230506.0430.3C13_CorrectionData.txt,2023-05-06 04:30:00,88.5,15,1,0.0051861041471868265,0.025755118559776996,198.81544933273688,0.0,259.4262682260721
201,Bear.230506.0515.3D13_CorrectionData.txt,2023-05-06 05:15:00,89.25,15,1,0.003933860937864067,0.02673916957881481,150.80922167716176,1.0629903979083775,269.338421533405
202,Bear.230506.0600.3A14_CorrectionData.txt,2023-05-06 06:00:00,90.0,15,1,0.005160317245090384,0.03138394841411979,197.82687787684264,38.96942770194701,316.1243696229814
203,Bear.230506.0645.3B14_CorrectionData.txt,2023-05-06 06:45:00,90.75,15,1,0.003580864450146921,0.43145352884336685,137.2766829300501,15.92831060710532,4345.946948021885
204,Bear.230506.0730.3C14_CorrectionData.txt,2023-05-06 07:30:00,91.5,15,1,0.005157882647863517,0.02467795402859933,197.73354470653476,1.8897191501101986,248.57620073597985
205,Bear.230506.0815.3D14_CorrectionData.txt,2023-05-06 08:15:00,92.25,15,1,0.003751259720412103,0.025510114060923766,143.80898757732984,1.1772077697556655e-17,256.95838586363726
206,Bear.230506.0900.3A15_CorrectionData.txt,2023-05-06 09:00:00,93.0,15,1,0.003822000692368429,0.026972463533372487,146.52092658329073,1.3255057591815798,271.6883458752452
207,Bear.230506.0945.3B15_CorrectionData.txt,2023-05-06 09:45:00,93.75,15,1,0.005627686598766388,0.03494588899517064,215.74403600137617,17.35028055915299,352.0030999204291
208,Bear.230506.1030.3C15_CorrectionData.txt,2023-05-06 10:30:00,94.5,15,1,0.003457714761737096,0.02612301899265052,132.5555936612071,7.42638291705825e-18,263.132057277581
209,Bear.230506.1115.3D15_CorrectionData.txt,2023-05-06 11:15:00,95.25,15,1,0.004116617871839448,0.02383634005401486,157.81542535448253,3.274782711895415e-18,240.0987878983489
210,Bear.230506.1200.3A16_CorrectionData.txt,2023-05-06 12:00:00,96.0,15,1,0.004055391445574103,0.04835039891365683,155.46823773473807,0.0,487.0241046764776
211,Bear.230506.1245.3B16_CorrectionData.txt,2023-05-06 12:45:00,96.75,15,1,0.003171398631560506,0.026341894769576688,121.57932545356856,5.419608495827721e-19,265.3367501381962
212,Bear.230506.1330.3C16_CorrectionData.txt,2023-05-06 13:30:00,97.5,15,1,0.003409318394487483,0.02362739909190686,130.70026156070864,3.4850407465223854,237.99416648286459
213,Bear.230506.1415.3D16_CorrectionData.txt,2023-05-06 14:15:00,98.25,15,1,0.0044161148465486025,0.02204047369124391,169.29699685992472,4.314992279780728e-18,222.00937752949088
214,Bear.230506.1500.3A17_CorrectionData.txt,2023-05-06 15:00:00,99.0,15,1,0.003846839466629195,0.022566220118833708,147.47315043483204,4.136488676193937e-18,227.30511839071994
215,Bear.230506.1545.3B17_CorrectionData.txt,2023-05-06 15:45:00,99.75,15,1,0.003189672023547043,0.023448568864634936,122.27985759398214,0.5795758282201575,236.19284460583663
216,Bear.230506.1630.3C17_CorrectionData.txt,2023-05-06 16:30:00,100.5,15,1,0.002966983910906304,0.024154881298923896,113.7428448539384,1.3759493437563792,243.30739151052165
217,Bear.230506.1715.3D17_CorrectionData.txt,2023-05-06 17:15:00,101.25,15,1,0.0034938153215186047,0.02368785597382013,133.93955140876164,0.0766789612940475,238.60313682120497
218,Bear.230506.1800.3A18_CorrectionData.txt,2023-05-06 18:00:00,102.0,15,1,0.003256012180005934,0.02292515346090181,124.82308612176502,4.201356222516316,230.92058369166656
219,Bear.230506.1845.3B18_CorrectionData.txt,2023-05-06 18:45:00,102.75,15,1,0.003963975264068168,0.02602658681664587,151.96369006531953,0.0,262.1607148432706
220,Bear.230506.1930.3C18_CorrectionData.txt,2023-05-06 19:30:00,103.5,15,1,0.003334569620510012,0.02419639383560188,127.83467871400404,3.044216766359078e-16,243.7255391672669
221,Bear.230506.2015.3D18_CorrectionData.txt,2023-05-06 20:15:00,104.25,15,1,0.0032462311862755115,0.021616985469844665,124.44812013414798,1.6044176359214055e-17,217.74366356431105
222,Bear.230506.2100.3A19_CorrectionData.txt,2023-05-06 21:00:00,105.0,15,1,0.003558825463703771,0.02003703805491677,136.4317922629566,2.6050411295513655e-18,201.82916249545158
223,Bear.230506.2145.3B19_CorrectionData.txt,2023-05-06 21:45:00,105.75,15,1,0.0031772306925845492,0.02432732718349329,121.80290442539852,0.0,245.04440515310878
224,Bear.230506.2230.3C19_CorrectionData.txt,2023-05-06 22:30:00,106.5,15,1,0.0039024064239541194,0.021084827099065583,149.60337560483765,0.0,212.3833364543403
225,Bear.230506.2315.3D19_CorrectionData.txt,2023-05-06 23:15:00,107.25,15,1,0.004100641500902505,0.019863249206382654,157.20295223855834,1.2407818746409046e-17,200.07862143970496
226,Bear.230507.0000.3A20_CorrectionData.txt,2023-05-07 00:00:00,108.0,15,1,0.0037004769920103045,0.024817121223649954,141.8621714936184,5.820951517844231e-20,249.97800465265286
227,Bear.230507.0045.3B20_CorrectionData.txt,2023-05-07 00:45:00,108.75,15,1,0.004063699649501356,0.026814539079509033,155.7867425796207,5.055496306673961e-16,270.09760376189223
228,Bear.230507.0130.3C20_CorrectionData.txt,2023-05-07 01:30:00,109.5,15,1,0.003682125592521408,0.02074856408670677,141.15864884314317,0.0567843791986768,208.9962249473118
229,Bear.230507.0215.3D20_CorrectionData.txt,2023-05-07 02:15:00,110.25,15,1,0.0029071321244719187,0.020009894018303782,111.44835568141106,0.0,201.55574592752723
230,Bear.230507.0300.3A21_CorrectionData.txt,2023-05-07 03:00:00,111.0,15,1,0.003206220705927804,0.020303717884827772,122.91427094743949,1.0443144820233775e-17,204.51537622513803
231,Bear.230507.0345.3B21_CorrectionData.txt,2023-05-07 03:45:00,111.75,15,1,0.003032625739581664,0.023102708590327477,116.25930215844384,1.230047186904882e-17,232.70906175766297
232,Bear.230507.0430.3C21_CorrectionData.txt,2023-05-07 04:30:00,112.5,15,1,0.00389995076292148,0.02124093617681056,149.50923492856953,1.3865366077998034,213.95579263937384
233,Bear.230507.0515.3D21_CorrectionData.txt,2023-05-07 05:15:00,113.25,15,1,0.004094707664388496,0.02017007584334581,156.97547158269074,2.409403437885192e-17,203.1692260989287
234,Bear.230507.0600.3A22_CorrectionData.txt,2023-05-07 06:00:00,114.0,15,1,0.00264011700175921,0.020298471979829272,101.2120144714954,0.44562610324999835,204.46253525086448
235,Bear.230507.0645.3B22_CorrectionData.txt,2023-05-07 06:45:00,114.75,15,1,0.0030416560002266015,0.023067269099593137,116.60548790341946,6.7372969314548765,232.3520867040361
236,Bear.230507.0730.3C22_CorrectionData.txt,2023-05-07 07:30:00,115.5,15,1,0.0038995113197148935,0.019127887854182384,149.49238835239325,0.0,192.6714704706183
237,Bear.230507.0815.3D22_CorrectionData.txt,2023-05-07 08:15:00,116.25,15,1,0.0031698264455125246,0.018848571398541483,121.5190538379795,0.0,189.85797048331014
238,Bear.230507.0900.3A23_CorrectionData.txt,2023-05-07 09:00:00,117.0,15,1,0.003162090115722111,0.019261155798493853,121.2224724659487,4.904570554014796e-18,194.0138523892509
239,Bear.230507.0945.3B23_CorrectionData.txt,2023-05-07 09:45:00,117.75,15,1,0.0034034667127593025,0.019852674423673625,130.47593040593006,1.3507893479775987e-19,199.97210372326975
240,Bear.230507.1030.3C23_CorrectionData.txt,2023-05-07 10:30:00,118.5,15,1,0.0026563560105892434,0.01942996600535232,101.83455612234378,8.371816666275921e-19,195.71424456186386
241,Bear.230507.1115.3D23_CorrectionData.txt,2023-05-07 11:15:00,119.25,15,1,0.002610056439955758,0.02143431024728696,100.059607205361,3.4521470919875367e-16,215.90361180234692
242,Bear.230507.1200.3A24_CorrectionData.txt,2023-05-07 12:00:00,120.0,15,1,0.003859092287930401,0.016684927760432858,147.9428768621184,0.0,168.06401160469636
243,Bear.230507.1500.4A1a_CorrectionData.txt,2023-05-07 15:00:00,123.0,15,1,0.0023413729391431035,0.023657545216569945,89.7593067435322,5.252191552843569,238.29782249612154
244,Bear.230507.1800.4B1_CorrectionData.txt,2023-05-07 18:00:00,126.0,15,1,0.00240622059640146,0.021694119003957808,92.24531854547203,8.708636702240885e-18,218.52061455615438
245,Bear.230507.2100.4C1_CorrectionData.txt,2023-05-07 21:00:00,129.0,15,1,0.0029417371696650665,0.018261856121096008,112.77498110465625,2.4094251919783707e-17,183.94810233086386
246,Bear.230508.0000.4D1_CorrectionData.txt,2023-05-08 00:00:00,132.0,15,1,0.0029029147158846,0.016305422419000067,111.28667632451608,1.2416412648938593e-17,164.24132858068845
247,Bear.230508.0300.4A2_CorrectionData.txt,2023-05-08 03:00:00,135.0,15,1,0.00304983078357348,0.027119263661765716,116.91887791221615,1.3447639139574984e-17,273.167034835491
248,Bear.230508.0600.4B2a_CorrectionData.txt,2023-05-08 06:00:00,138.0,15,1,0.0014268315059689054,0.018344405604901557,54.699276938970094,5.404322327598494e-18,184.77960712389975
249,Bear.230508.0900.4C2_CorrectionData.txt,2023-05-08 09:00:00,141.0,15,1,0.004309004142256116,0.016249563064913177,165.19078105748886,4.836742375834439e-18,163.67866824027314
250,Bear.230508.1200.4D2_CorrectionData.txt,2023-05-08 12:00:00,144.0,15,1,0.0019527624508482687,0.01507667778999091,74.86146307264063,6.387244130976926e-19,151.86442443377797
251,Bear.230508.1500.4A3_CorrectionData.txt,2023-05-08 15:00:00,147.0,15,1,0.002757994029486684,0.014501092597759344,105.73097004363866,3.312314311597559e-17,146.06666745120967
252,Bear.230508.1800.4B3_CorrectionData.txt,2023-05-08 18:00:00,150.0,15,1,0.0030928096963392976,0.014945303445830825,118.56652547401909,2.6107392351473418e-17,150.54111637883756
253,Bear.230508.2100.4C3_CorrectionData.txt,2023-05-08 21:00:00,153.0,15,1,0.0025929855520975785,0.013122399521524145,99.40517448598074,1.769532291576477e-18,132.17936194466813
254,Bear.230509.0000.4D3_CorrectionData.txt,2023-05-09 00:00:00,156.0,15,1,0.002995525692570151,0.013687581059581512,114.83702788328092,1.4100924403727395e-18,137.87232495503775
255,Bear.230509.0300.4A4_CorrectionData.txt,2023-05-09 03:00:00,159.0,15,1,0.0036590180745664403,0.012789071297993913,140.27279475406297,2.5946998558400058e-18,128.8218119910863
256,Bear.230509.0600.4B4_CorrectionData.txt,2023-05-09 06:00:00,162.0,15,1,0.004066573465476698,0.026132378834273856,155.89691372123713,8.256096891781409,263.22633713025937
257,Bear.230509.0900.4C4_CorrectionData.txt,2023-05-09 09:00:00,165.0,15,1,0.0025806445145858882,0.013274803183473651,98.93206618570686,9.911938409306451e-18,133.71449420165163
258,Bear.230509.1200.4D4_CorrectionData.txt,2023-05-09 12:00:00,168.0,15,1,0.002472300634396272,0.013283299642508965,94.77857512362796,0.0,133.80007737050994
259,Bear.230509.1500.4A5_CorrectionData.txt,2023-05-09 15:00:00,171.0,15,1,0.004418800477326858,0.010638630825562429,169.3999536989636,4.177000582188141e-17,107.1608460160944
260,Bear.230509.1800.4B5_CorrectionData.txt,2023-05-09 18:00:00,174.0,15,1,0.0033298338490609578,0.013334817473874026,127.65312730241281,8.666647726759985e-20,134.31900640231066
261,Bear.230509.2100.4C5_CorrectionData.txt,2023-05-09 21:00:00,177.0,15,1,0.0025105453063375247,0.01291546701106461,96.24472995214367,6.775188307511061e-18,130.09497126952635
262,Bear.230510.0000.4D5_CorrectionData.txt,2023-05-10 00:00:00,180.0,15,1,0.002647128535198054,0.010560744582465132,101.48080991632106,3.6056997771907214e-17,106.37631313398076
263,Bear.230510.0300.4A6_CorrectionData.txt,2023-05-10 03:00:00,183.0,15,1,0.0022521136697097877,0.012786894997864945,86.33744685490602,14.378415671973446,128.7998905458525
264,Bear.230510.0600.4B6_CorrectionData.txt,2023-05-10 06:00:00,186.0,15,1,0.003087596590363785,0.013271091334730213,118.36667487759347,2.2547429402815687e-17,133.67710547577585
265,Bear.230510.0900.4C6_CorrectionData.txt,2023-05-10 09:00:00,189.0,15,1,0.003148413616938066,0.010269884796971914,120.69816767493836,0.0,103.44653944443597
266,Bear.230510.1200.4D6_CorrectionData.txt,2023-05-10 12:00:00,192.0,15,1,0.0034209143490393046,0.00941070053560605,131.14480622260342,1.112188307784801e-18,94.7921445470727
267,Bear.230510.1500.4A7_CorrectionData.txt,2023-05-10 15:00:00,195.0,15,1,0.0022919913268364353,0.01025548684179605,87.86620410600595,9.966542398345389e-19,103.30151166004853
268,Bear.230510.1800.4B7_CorrectionData.txt,2023-05-10 18:00:00,198.0,15,1,0.002739697426273541,0.00959687543096814,105.02954807334194,5.018332355087462e-17,96.66744782820751
269,Bear.230510.2100.4C7_CorrectionData.txt,2023-05-10 21:00:00,201.0,15,1,0.0032245435442380967,0.010541997890994134,123.61669867128069,1.326650083578025e-17,106.18748138006673
270,Bear.230511.0000.4D7_CorrectionData.txt,2023-05-11 00:00:00,204.0,15,1,0.0025062706604797535,0.011823946823980892,96.08085633664521,0.0,119.10030206731227
271,Bear.230511.0300.4A8_CorrectionData.txt,2023-05-11 03:00:00,207.0,15,1,0.0020013668165250026,0.009683022497045106,76.72476903937373,0.0,97.5351903633118
272,Bear.230511.0600.4B8_CorrectionData.txt,2023-05-11 06:00:00,210.0,15,1,0.003906881519127942,0.010067684315500005,149.7749336824503,3.3050805615579054e-18,101.40981357109071
273,Bear.230511.0900.4C8a_CorrectionData.txt,2023-05-11 09:00:00,213.0,15,1,0.003385062770502186,0.010723422958693966,129.77039346615857,4.128405556146973e-18,108.01494057683921
274,Bear.230511.1200.4D8_CorrectionData.txt,2023-05-11 12:00:00,216.0,15,1,0.0016858992792678034,0.010018788616117541,64.63094708948019,0.01855776996067417,100.91729676152313
275,Bear.230511.1500.4A9_CorrectionData.txt,2023-05-11 15:00:00,219.0,15,1,0.002169803585153354,0.011253676405772945,83.1819922050838,0.2885594815390412,113.35607976322787
276,Bear.230511.1800.4B9_CorrectionData.txt,2023-05-11 18:00:00,222.0,15,1,0.0024659088272411408,0.013417541197968967,94.53353762042146,0.0,135.1522662836777
277,Bear.230511.2100.4C9_CorrectionData.txt,2023-05-11 21:00:00,225.0,15,1,0.0035519061245325046,0.0124188958592171,136.16653119465215,0.476397871200044,125.09310725039846
278,Bear.230512.0000.4D9a_CorrectionData.txt,2023-05-12 00:00:00,228.0,15,1,0.0030944498317343264,0.012521788573270059,118.62940200836444,0.0,126.12952541995406
279,Bear.230512.0300.4A10_CorrectionData.txt,2023-05-12 03:00:00,231.0,15,1,0.002277638277219304,0.012227784971789508,87.31596293692475,9.751110079576612e-18,123.1680846873052
280,Bear.230512.0600.4B10_CorrectionData.txt,2023-05-12 06:00:00,234.0,15,1,0.0026343705903337194,0.016554328868022616,100.99171897854248,4.024160038645458,166.74851452345362
281,Bear.230512.0900.4C10_CorrectionData.txt,2023-05-12 09:00:00,237.0,15,1,0.0027486276379281686,0.010446140751948264,105.37189832169057,7.751566131329769e-17,105.22193118049067
282,Bear.230512.1200.4D10_CorrectionData.txt,2023-05-12 12:00:00,240.0,15,1,0.0011874892644754068,0.018260108698125492,45.52380842998411,6.298904149075519e-19,183.9305008813034
283,Bear.230512.1500.4A11_CorrectionData.txt,2023-05-12 15:00:00,243.0,15,1,0.002646464328743991,0.009995660119002759,101.45534677465125,0.0,100.6843279370062
284,Bear.230512.1800.4B11_CorrectionData.txt,2023-05-12 18:00:00,246.0,15,1,0.001238657076794935,0.01030077015129273,47.48538716210394,0.0,103.75764157334649
285,Bear.230512.2100.4C11_CorrectionData.txt,2023-05-12 21:00:00,249.0,15,1,0.003284508578433537,0.009226921905897752,125.91552933095544,5.205437651265221e-18,92.94097838084954
286,Bear.230513.0000.4D11_CorrectionData.txt,2023-05-13 00:00:00,252.0,15,1,0.0017576907214768083,0.009461297475981486,67.38315711765152,8.237416266346057e-19,95.3017976241801
287,Bear.230513.0300.4A12_CorrectionData.txt,2023-05-13 03:00:00,255.0,15,1,0.0015747192272326672,0.012384735683832918,60.368728018119455,5.931312106649126e-18,124.7490184898945
288,Bear.230513.0600.4B12_CorrectionData.txt,2023-05-13 06:00:00,258.0,15,1,0.001546572214420872,0.012974478003668433,59.2896789206217,5.246198398217808e-17,130.68937744785532
289,Bear.230513.0900.4C12_CorrectionData.txt,2023-05-13 09:00:00,261.0,15,1,0.0018055464379110372,0.011139652167485104,69.21776272833374,1.91208097551086e-16,112.20753592881768
290,Bear.230513.1200.4D12_CorrectionData.txt,2023-05-13 12:00:00,264.0,15,1,0.0010879010676479854,0.009563841595811447,41.705976867303086,1.655647874523813e-16,96.33470447235749
291,Bear.230513.1500.4A13_CorrectionData.txt,2023-05-13 15:00:00,267.0,15,1,0.00271800425897974,0.009207944239890844,104.19791479322225,0.009251306817487707,92.74982006564375
292,Bear.230513.1800.4B13_CorrectionData.txt,2023-05-13 18:00:00,270.0,15,1,0.0017038886599348324,0.014887379239121234,65.32059131933491,5.525089096167648,149.95765718210555
293,Bear.230513.2100.4C13_CorrectionData.txt,2023-05-13 21:00:00,273.0,15,1,0.00114445592718321,0.009198423738215987,43.874074439455526,4.8916082334770906e-17,92.65392191571227
294,Bear.230514.0000.4D13_CorrectionData.txt,2023-05-14 00:00:00,276.0,15,1,0.0013757769060475371,0.014130025400965742,52.74203833831916,13.562338398112304,142.32898020656174
295,Bear.230514.0300.4A14_CorrectionData.txt,2023-05-14 03:00:00,279.0,15,1,0.001198832877931625,0.013136477357913925,45.95867929689068,0.0,132.32116523517993
296,Bear.230514.0600.4B14_CorrectionData.txt,2023-05-14 06:00:00,282.0,15,1,0.0008343695829131515,0.011154905199537685,31.986546900804175,1.3640983357102963e-16,112.36117673522085
297,Bear.230514.0900.4C14_CorrectionData.txt,2023-05-14 09:00:00,285.0,15,1,0.002358908743323957,0.009925059106756407,90.43156258118607,0.0,99.97317775932234
298,Bear.230514.1200.4D14_CorrectionData.txt,2023-05-14 12:00:00,288.0,15,1,0.001987016980624111,0.0121483348791931,76.17465107191363,0.0,122.36779945527789
299,Bear.230514.1500.4A15_CorrectionData.txt,2023-05-14 15:00:00,291.0,15,1,0.0004979823209451911,0.013282303786373755,19.09074250893764,3.176923857485761e-18,133.790046306578
300,Bear.230514.1800.4B15_CorrectionData.txt,2023-05-14 18:00:00,294.0,15,1,0.0014626288463498182,0.013754407961539336,56.071610411410816,1.3607541550036248e-18,138.54545925848853
301,Bear.230514.2100.4C15_CorrectionData.txt,2023-05-14 21:00:00,297.0,15,1,0.00028827066706299575,0.012603534914445491,11.051197695801429,0.0,126.95294031447519
302,Bear.230515.0000.4D15_CorrectionData.txt,2023-05-15 00:00:00,300.0,15,1,0.00011720424998284054,0.01245161261589595,4.493163839890278,7.587706491396609,125.4226567368027
303,Bear.230515.0600.4B16_CorrectionData.txt,2023-05-15 06:00:00,306.0,15,1,0.0005055386125081111,0.014148769647562622,19.380421902126464,4.343800319111836e-16,142.51778733373732
304,Bear.230515.0900.4C16_CorrectionData.txt,2023-05-15 09:00:00,309.0,15,1,0.0003728698793467827,0.008659221187238842,14.294408770249365,0.8272986036602533,87.22264015735759
305,Bear.230515.1200.4D16_CorrectionData.txt,2023-05-15 12:00:00,312.0,15,1,0.0006512234294717744,0.008206612027625904,24.96542203393057,1.4841375750236648e-18,82.66359668136668
306,Bear.230515.1800.4B17_CorrectionData.txt,2023-05-15 18:00:00,318.0,15,1,0.0012237998065457946,0.006941391352068192,46.91581609746517,0.0,69.91927645699693
307,Bear.230515.2100.4C17_CorrectionData.txt,2023-05-15 21:00:00,321.0,15,1,0.0008159261448276761,0.006551969011051878,31.279495841639974,1.5588278160409082e-17,65.99670143722975
308,Bear.230516.0000.4D17_CorrectionData.txt,2023-05-16 00:00:00,324.0,15,1,1.9990705578926804e-05,0.005307822835261034,0.7663673924305409,0.0,53.46466052411845
309,Bear.230516.0600.4B18_CorrectionData.txt,2023-05-16 06:00:00,330.0,15,1,0.000281457099551124,0.015852911326545836,10.789991509426144,2.8990018012216504e-18,159.68327291599263
310,Bear.230516.0900.4C18_CorrectionData.txt,2023-05-16 09:00:00,333.0,15,1,0.0007222642722927604,0.005626309051278532,27.688856944911322,2.268312583972492e-17,56.672709841037516
311,Bear.230516.1200.4D18_CorrectionData.txt,2023-05-16 12:00:00,336.0,15,1,3.704588284420201e-23,0.008070728532632533,1.420197827610773e-18,11.828207573054026,81.29486883265467
312,Bear.230516.1800.4B19_CorrectionData.txt,2023-05-16 18:00:00,342.0,15,1,0.001216762117637227,0.0073733345895814675,46.64601795170678,3.2975249256321073e-18,74.27015614460055
313,Bear.230516.2100.4C19_CorrectionData.txt,2023-05-16 21:00:00,345.0,15,1,0.000352335770088835,0.009588245314299105,13.507209353712213,0.0,96.58051835216543
314,Bear.230517.0000.4D19_CorrectionData.txt,2023-05-17 00:00:00,348.0,15,1,0.0007526256142150333,0.00455007450208853,28.852794973401533,0.0,45.83200987748244
315,Bear.230517.0600.4B20_CorrectionData.txt,2023-05-17 06:00:00,354.0,15,1,0.0009341843869840274,0.04520199420162305,35.81306572075015,6.0930302778563945,455.31084024662914
316,Bear.230517.0900.4C20_CorrectionData.txt,2023-05-17 09:00:00,357.0,15,1,0.001198063186973822,0.004443729803666794,45.929172281744066,2.6930751533762418e-17,44.760820545033994
317,Bear.230517.1200.4D20_CorrectionData.txt,2023-05-17 12:00:00,360.0,15,1,0.0010794509880486932,0.0032178764501216337,41.382033050374154,1.82896027058718e-17,32.41303964996556
318,Bear.230517.1800.4B21a_CorrectionData.txt,2023-05-17 18:00:00,366.0,15,1,0.0002452549773278731,0.007515078365854359,9.402140245290125,15.6899675465859,75.6979134596135
319,Bear.230517.2100.4C21_CorrectionData.txt,2023-05-17 21:00:00,369.0,15,1,0.0001718717680404642,0.004743888675732638,6.588907939519987,0.0,47.784262113522864
320,Bear.230518.0000.4D21_CorrectionData.txt,2023-05-18 00:00:00,372.0,15,1,0.00012262344184946943,0.004781074378233048,4.700914983215963,0.0,48.15882641648485
321,Bear.230518.0600.4B22_CorrectionData.txt,2023-05-18 06:00:00,378.0,15,1,0.00129092051284056,0.0035183677939578193,49.488967928356026,7.332719904996949e-19,35.43983014152268
322,Bear.230518.0900.4C22_CorrectionData.txt,2023-05-18 09:00:00,381.0,15,1,0.0013184145307874337,0.003123083384547145,50.5429836937423,8.65753705933767e-18,31.45820765419657
323,Bear.230518.1200.4D22_CorrectionData.txt,2023-05-18 12:00:00,384.0,15,1,0.00013244743211235921,0.004244450633090127,5.077529293866925,1.8483863957014695e-17,42.75352046455091
324,Bear.230518.1800.4B23_CorrectionData.txt,2023-05-18 18:00:00,390.0,15,1,0.001424096732954452,0.004379328923156246,54.594436174060554,9.092249303286585e-19,44.11212308077859
325,Bear.230518.2100.4C23_CorrectionData.txt,2023-05-18 21:00:00,393.0,15,1,0.0001247058651405744,0.004590521812116333,4.780747148280865,0.0,46.239427714676296
326,Bear.230519.0000.4D23_CorrectionData.txt,2023-05-19 00:00:00,396.0,15,1,0.0007662841114652998,0.0018786756814217693,29.376409654278063,0.0,18.92353242743305
327,Bear.230519.0600.4B24_CorrectionData.txt,2023-05-19 06:00:00,402.0,15,1,0.0012943587858166193,0.004489525716004015,49.62077819811982,1.8050754739990549,45.22211380641343
328,Bear.230519.0900.4C24_CorrectionData.txt,2023-05-19 09:00:00,405.0,15,1,1.0416424249542534e-22,0.003573578156603254,3.993259697140075e-18,0.0,35.99595331817472
