,sample,date,time,n_iter,df,cnc_uranine,cnc_SrB,area1,area2,area3,area4
0,1_1_1_CorrectionData.txt,2024-11-18 18:00:00,0.0,15,1,0.20084422480446726,0.09715369488136336,8130.357758441312,7795.85942168379,1926.6246259723816,1726.5273674478885
1,1_2_1_CorrectionData.txt,2024-11-18 18:30:00,0.5,15,1,0.30598344318365983,0.13541404417166772,12386.489398262856,12401.480100146937,2383.6343070485577,2406.455600939062
2,1_3_1_CorrectionData.txt,2024-11-18 19:00:00,1.0,15,1,0.28988214438371296,0.10917968917382473,11734.694108920694,9875.890084916471,4321.389689576398,1940.2424329640392
3,1_1_2_CorrectionData.txt,2024-11-18 20:00:00,2.0,15,1,0.239638281990625,0.19650816538598026,9700.776644679949,10220.499146349946,3820.329476118318,3492.164923631258
4,1_2_2_CorrectionData.txt,2024-11-18 20:30:00,2.5,15,1,0.2961149257101361,0.13644152198410395,11987.002792744126,11269.018411776973,2435.652782342828,2424.715004915235
5,1_3_2_CorrectionData.txt,2024-11-18 21:00:00,3.0,15,1,0.22647339909381628,0.14078158648544578,9167.850154494608,9169.729192186858,4041.235808716283,2501.8426957066754
6,1_1_3_CorrectionData.txt,2024-11-18 22:00:00,4.0,15,1,0.21479269422310054,0.16942779580468476,8695.00454709841,9041.748879968338,2792.344437091782,3010.9171516365477
7,1_2_3_CorrectionData.txt,2024-11-18 22:30:00,4.5,15,1,0.29766595362452525,0.13544568347920294,12049.789820101221,11209.997640283613,2600.309791998518,2407.0178660223755
8,1_3_3_CorrectionData.txt,2024-11-18 23:00:00,5.0,15,1,0.17209743098334498,0.1272699213119096,6966.661274753943,6536.131908833708,1971.2459980358258,2261.725634483328
9,1_1_4_CorrectionData.txt,2024-11-19 00:00:00,6.0,15,1,0.19139770493743843,0.10933295387078484,7747.954001669415,7380.99166993158,1792.3249258836308,1942.9661141795439
10,1_2_4_CorrectionData.txt,2024-11-19 00:30:00,6.5,15,1,0.287614193277895,0.11679974250053642,11642.885375625505,11182.641178051183,2190.5054294350566,2075.6591108994016
11,1_3_4_CorrectionData.txt,2024-11-19 01:00:00,7.0,15,1,0.2555448807898644,0.14723022552620482,10344.690300069919,9734.443324943508,4082.561797111959,2616.4420611786636
12,1_1_5_CorrectionData.txt,2024-11-19 02:00:00,8.0,15,1,0.19884236360717644,0.11453128308797991,8049.320587805407,7606.254201238748,2085.13217579268,2035.3461072354014
13,1_2_5_CorrectionData.txt,2024-11-19 02:30:00,8.5,15,1,0.3406657415095288,0.1603220205547803,13790.460528370417,12757.431628226212,3657.5719817299596,2849.097570919752
14,1_3_5_CorrectionData.txt,2024-11-19 03:00:00,9.0,15,1,0.3126700048486225,0.1556946262750128,12657.16752487044,9354.533403758945,4071.4411124771414,2766.8637158538554
15,1_1_6_CorrectionData.txt,2024-11-19 04:00:00,10.0,15,1,0.20418539135478928,0.1370389612847381,8265.611233671192,7764.634037792366,2065.1170782570225,2435.332154414216
16,1_2_6_CorrectionData.txt,2024-11-19 04:30:00,10.5,15,1,0.25789525858404555,0.23189573516696005,10439.83574103439,10857.274989827936,4692.152087178774,4121.040724689995
17,1_3_6_CorrectionData.txt,2024-11-19 05:00:00,11.0,15,1,0.23584995819873,0.16812067221857277,9547.421835683537,9380.842845612255,3356.919399543146,2987.6881365505565
18,1_1_7_CorrectionData.txt,2024-11-19 06:00:00,12.0,15,1,0.18523569637727696,0.15937031930070936,7498.5102640988425,7477.793341410101,2617.018142669217,2832.184799225434
19,1_2_7_CorrectionData.txt,2024-11-19 06:30:00,12.5,15,1,0.22965417931532148,0.15044193230562145,9296.611044567442,10179.798021450059,1489.7215159150448,2673.5176017193708
20,1_3_7_CorrectionData.txt,2024-11-19 07:00:00,13.0,15,1,0.24074916013889397,0.15361174241769182,9745.746007280513,9359.447744100196,3704.828814076517,2729.8485926794724
21,1_1_8_CorrectionData.txt,2024-11-19 08:00:00,14.0,15,1,0.21580649533041044,0.15934615363711457,8736.044142368615,8677.954222305907,2688.4186700276377,2831.755348965206
22,1_2_8_CorrectionData.txt,2024-11-19 08:30:00,14.5,15,1,0.20380248126272008,0.06930830334770882,8250.110683227826,7916.355809927502,581.2254408524003,1231.6843190299894
23,1_3_8_CorrectionData.txt,2024-11-19 09:00:00,15.0,15,1,0.2809996999287108,0.14956054073613698,11375.124640299138,9579.180351206089,3735.9345468926304,2657.854309983415
24,1_1_9_CorrectionData.txt,2024-11-19 10:00:00,16.0,15,1,0.24518897165509274,0.1845238770556369,9925.473634708618,9745.258586752145,3898.859020607896,3279.1910186553255
25,1_2_9_CorrectionData.txt,2024-11-19 10:30:00,16.5,15,1,0.2367052593247907,0.01401884276519204,9582.045206870043,8419.677401620838,131.79164813420618,249.13016147876678
26,1_3_9_CorrectionData.txt,2024-11-19 11:00:00,17.0,15,1,0.22307311461936458,0.15511436647822355,9030.203531671968,8208.568652124777,3074.9100028655575,2756.5518649190067
27,1_1_10_CorrectionData.txt,2024-11-19 12:00:00,18.0,15,1,0.25456529799000843,0.18477108211144247,10305.035893155315,10051.599761452164,4395.519469988489,3283.5841227440687
28,1_2_10_CorrectionData.txt,2024-11-19 12:30:00,18.5,15,1,0.2344889873042639,0.0641274697436007,9492.328490173564,9271.05835009696,1074.9840135645252,1139.6152421450688
29,1_3_10_CorrectionData.txt,2024-11-19 13:00:00,19.0,15,1,0.17890022434053615,0.13681816362554688,7242.0445664794515,7051.805385128305,2362.654291140322,2431.408338632144
30,1_1_11_CorrectionData.txt,2024-11-19 14:00:00,20.0,15,1,0.2605089811525406,0.20048946088958877,10545.641619116599,9857.585487068109,4158.182118672203,3562.9168971230647
31,1_2_11_CorrectionData.txt,2024-11-19 14:30:00,20.5,15,1,0.2267529294721806,0.07778802784209846,9179.165799655264,9135.427155548483,1527.9640828252177,1382.3782934162414
32,1_3_11_CorrectionData.txt,2024-11-19 15:00:00,21.0,15,1,0.15540539922806645,0.08336843902990183,6290.952575547875,6052.769212369447,1564.2333953509362,1481.5483007856997
33,1_1_12_CorrectionData.txt,2024-11-19 16:00:00,22.0,15,1,0.17193955877201683,0.12975620379025327,6960.270463370325,6664.374698613278,1663.3885276866954,2305.909592152754
34,1_2_12_CorrectionData.txt,2024-11-19 16:30:00,22.5,15,1,0.24133079862099083,0.1625854794872853,9769.291264557032,9564.666476260523,4028.443743994327,2889.321710586662
35,1_3_12_CorrectionData.txt,2024-11-19 17:00:00,23.0,15,1,0.237295387194197,0.15863888719145966,9605.934122302742,9050.45651297634,3400.8151603745882,2819.1864510350556
36,1_1_13_CorrectionData.txt,2024-11-19 18:00:00,24.0,15,1,0.2506110088678176,0.17885914851050558,10144.962655923704,9049.315465172722,3955.5002674969173,3178.5225996695585
37,1_2_13_CorrectionData.txt,2024-11-19 18:30:00,24.5,15,1,0.31690844454624845,0.19146420085174895,12828.743437062225,8491.383331605783,4383.404462799316,3402.5281597447056
38,1_3_13_CorrectionData.txt,2024-11-19 19:00:00,25.0,15,1,0.3847836547464494,0.18890054474456844,15576.393972666594,9077.162993981046,3969.99447309895,3356.9691881052117
39,1_1_14_CorrectionData.txt,2024-11-19 20:00:00,26.0,15,1,0.30957076329903427,0.20132247158518907,12531.707394749645,7011.70109755024,2556.1363009852485,3577.7204078396358
40,1_2_14_CorrectionData.txt,2024-11-19 20:30:00,26.5,15,1,0.6030451961949106,0.24625875207636935,24411.820625399436,9728.383057583404,1554.6700993905233,4376.287236966173
41,1_3_14_CorrectionData.txt,2024-11-19 21:00:00,27.0,15,1,0.6927935869390117,0.3135422879135476,28044.91749788514,5421.286744039321,2777.675326492357,5571.989223837625
42,1_1_15_CorrectionData.txt,2024-11-19 22:00:00,28.0,15,1,1.2275908952914,0.4113736170646892,49694.0012561534,1249.9240484703705,2638.405419987819,7310.55889305614
43,1_2_15_CorrectionData.txt,2024-11-19 22:30:00,28.5,15,1,1.7170035083501072,0.4067528813076233,69505.87107483883,1110.0607254753504,431.30166464124795,7228.443367217816
44,1_3_15_CorrectionData.txt,2024-11-19 23:00:00,29.0,15,1,1.6284557460986637,0.3911091339039093,65921.3767409115,4961.2435846472,1105.4079430317465,6950.436873950257
45,1_1_16_CorrectionData.txt,2024-11-20 00:00:00,30.0,15,1,2.1735055578097473,0.47418749028665297,87985.49120422972,2250.530646674457,2.990432088893199e-19,8426.83008897466
46,1_2_16_CorrectionData.txt,2024-11-20 00:30:00,30.5,15,1,2.676729644423184,0.5324115167065371,108356.4620938099,1019.4325978089943,595.0128623461034,9461.53468955308
47,1_3_16_CorrectionData.txt,2024-11-20 01:00:00,31.0,15,1,2.7703673284677883,0.553583124822327,112147.00111326989,7136.282640997283,1444.191025717733,9837.777310787706
48,1_1_17_CorrectionData.txt,2024-11-20 02:00:00,32.0,15,1,3.449203236734226,0.6739884535509342,139626.89902348266,4613.124467201836,519.9531559757845,11977.511630623412
49,1_2_17_CorrectionData.txt,2024-11-20 02:30:00,32.5,15,1,3.303420947400238,0.558414267551623,133725.4987303757,1492.491208562834,8.813481967205784e-17,9923.6319985416
50,1_3_17_CorrectionData.txt,2024-11-20 03:00:00,33.0,15,1,3.2715794937271445,0.5974765869351061,132436.52758787398,7796.1736218173755,1123.505202753004,10617.81211731041
51,1_1_18_CorrectionData.txt,2024-11-20 04:00:00,34.0,15,1,2.9998662801589826,0.5745867932314065,121437.32840176031,1834.5591846324935,4.001748770942398e-20,10211.035459840694
52,1_2_18_CorrectionData.txt,2024-11-20 04:30:00,34.5,15,1,3.608167679789789,0.7279658812471954,146061.9249455442,6247.875931115709,547.5430787696625,12936.749529458197
53,1_3_18_CorrectionData.txt,2024-11-20 05:00:00,35.0,15,1,3.2707274789671796,0.52683223095631,132402.03725179023,3781.432069424979,79.25261816244827,9362.384682439693
54,1_1_19_CorrectionData.txt,2024-11-20 06:00:00,36.0,15,1,3.27682931794242,0.5881220387362218,132649.04526957817,1851.8073290719774,3.712266560318307e-17,10451.57156932913
55,1_2_19_CorrectionData.txt,2024-11-20 06:30:00,36.5,15,1,3.6774197176336463,0.7168608266508836,148865.3107223562,7611.561418138882,534.1085032246893,12739.400569123252
56,1_3_19_CorrectionData.txt,2024-11-20 07:00:00,37.0,15,1,3.179563764723586,0.47208168900164205,128711.64679067381,1412.9896494388477,1.2083533968684442e-16,8389.407698056662
57,1_1_20_CorrectionData.txt,2024-11-20 08:00:00,38.0,15,1,3.2226536336751037,0.5778711912851081,130455.96406283467,2257.342251839073,0.07185995746016792,10269.402803792284
58,1_2_20_CorrectionData.txt,2024-11-20 08:30:00,38.5,15,1,3.2681677832574714,0.5287229588298532,132298.4184303233,4848.01869934681,3.048218249059153e-17,9395.984983715472
59,1_3_20_CorrectionData.txt,2024-11-20 09:00:00,39.0,15,1,2.931502980481806,0.4410323576677165,118669.91955809503,1197.571632116827,1.1645584941022002e-19,7837.6271368084135
60,1_1_21_CorrectionData.txt,2024-11-20 10:00:00,40.0,15,1,3.0482673718639584,0.5241328164235758,123396.64882455907,4010.8579738531016,1.356726344728256e-17,9314.41313516562
61,1_2_21_CorrectionData.txt,2024-11-20 10:30:00,40.5,15,1,3.22576656181381,0.5394583366459381,130581.97823859024,6604.737609610951,411.3804601667186,9586.764383531372
62,1_3_21_CorrectionData.txt,2024-11-20 11:00:00,41.0,15,1,2.8351616283310737,0.5009968838647807,114769.93358299414,6983.174402894821,941.5692265864342,8903.26232115936
63,1_1_22_CorrectionData.txt,2024-11-20 12:00:00,42.0,15,1,2.7323584027818777,0.5183854441173729,110608.3650676414,1269.3450936954916,1203.8260568097485,9212.27604619861
64,1_2_22_CorrectionData.txt,2024-11-20 12:30:00,42.5,15,1,2.664807341611806,0.43329336291414533,107873.8363809952,530.5997412455763,3.7907774218740997e-20,7700.096739689783
65,1_3_22_CorrectionData.txt,2024-11-20 13:00:00,43.0,15,1,2.3849444020204658,0.3924040735250557,96544.72883796348,2824.08455123403,1172.672728033835,6973.449366659176
66,1_1_23_CorrectionData.txt,2024-11-20 14:00:00,44.0,15,1,2.2447646596281974,0.45424554281695667,90870.1247648573,5877.8082048571,736.1125452188685,8072.439881698628
67,1_2_23_CorrectionData.txt,2024-11-20 14:30:00,44.5,15,1,2.0233618987947937,0.3056348643912948,81907.53868086773,2175.8992754077385,1.3471078876374771,5431.46566337148
68,1_3_23_CorrectionData.txt,2024-11-20 15:00:00,45.0,15,1,1.9195486923888743,0.2734777040706945,77705.08521747962,3478.797406557013,676.3447308143932,4859.9977699401215
69,2_1_1_CorrectionData.txt,2024-11-20 16:00:00,46.0,15,1,2.205367516609447,0.3892156788736719,89275.29241299475,3219.0395543196983,725.1316820529879,6916.788108118668
70,2_2_1_CorrectionData.txt,2024-11-20 16:30:00,46.5,15,1,1.6637288874095053,0.2075180983346146,67349.26573498338,1311.6294916864663,4.58202476994848e-19,3687.8234682990205
71,2_3_1_CorrectionData.txt,2024-11-20 17:00:00,47.0,15,1,1.4549241419777887,0.23704351436365098,58896.65882695362,1805.8128094612644,993.6686966418147,4212.522388619698
72,2_4_1_CorrectionData.txt,2024-11-20 17:30:00,47.5,15,1,1.544096674239707,0.3302694518663466,62506.44442184129,618.7384258529794,365.1698964848259,5869.249213584399
73,2_1_2_CorrectionData.txt,2024-11-20 18:00:00,48.0,15,1,1.672848303508943,0.33851414425223586,67718.42803232452,2359.8310650182507,662.3102630263983,6015.766410463111
74,2_2_2_CorrectionData.txt,2024-11-20 18:30:00,48.5,15,1,1.4711620833009573,0.26265798424975095,59553.98553050444,1663.4128984443919,2696.4778788199233,4667.719520494347
75,2_3_2_CorrectionData.txt,2024-11-20 19:00:00,49.0,15,1,1.2652319749489618,0.27596897054360214,51217.746558403975,620.5202876134532,1925.2996753532425,4904.270298641502
76,2_4_2_CorrectionData.txt,2024-11-20 19:30:00,49.5,15,1,1.4053523179839773,0.3729842546420138,56889.94609124738,3821.230575939453,1865.049409711096,6628.337955164266
77,2_1_3_CorrectionData.txt,2024-11-20 20:00:00,50.0,15,1,1.3643850990176933,0.36382008202894717,55231.5556302393,2101.8917501217916,182.11400072179651,6465.480589463488
78,2_2_3_CorrectionData.txt,2024-11-20 20:30:00,50.5,15,1,1.1227002947226654,0.2561535535736545,45447.93389249469,2241.101521747852,2832.9522219853297,4552.128676670431
79,2_3_3_CorrectionData.txt,2024-11-20 21:00:00,51.0,15,1,0.9654336663944966,0.2647915191388653,39081.637062119546,990.6708884931077,2291.6116857669813,4705.63476787592
80,2_4_3_CorrectionData.txt,2024-11-20 21:30:00,51.5,15,1,0.9706126506955243,0.25255502238136673,39291.28707935903,493.793711393288,1314.1801201751286,4488.178843432626
81,2_1_4_CorrectionData.txt,2024-11-20 22:00:00,52.0,15,1,1.1056006773060254,0.25438317995330406,44755.725753250925,7426.013609554613,619.9298233585455,4520.667202046379
82,2_2_4_CorrectionData.txt,2024-11-20 22:30:00,52.5,15,1,0.8875113611431291,0.379978547241256,35927.27093746314,2564.6448857359997,2933.912949064448,6752.634180884513
83,2_3_4_CorrectionData.txt,2024-11-20 23:00:00,53.0,15,1,0.7682082086321488,0.32580504135190036,31097.770300496944,4996.314320895833,3654.9553234990412,5789.911758203769
84,2_4_4_CorrectionData.txt,2024-11-20 23:30:00,53.5,15,1,0.7646532060467157,0.2931574928403731,30953.86054715505,5353.696972359927,2656.2626878084243,5209.729130522287
85,2_1_5_CorrectionData.txt,2024-11-21 00:00:00,54.0,15,1,0.8116436953608883,0.23539892590632763,32856.07849611715,6888.4728782047705,951.668017124321,4183.296253852256
86,2_2_5_CorrectionData.txt,2024-11-21 00:30:00,54.5,15,1,0.7857102086198338,0.2765545880088628,31806.26725392764,6436.6600357621055,4317.220016867484,4914.677361202146
87,2_3_5_CorrectionData.txt,2024-11-21 01:00:00,55.0,15,1,0.6473050334996309,0.24577819381338392,26203.499285655238,8202.5608523786,3989.2430766880398,4367.747191281747
88,2_4_5_CorrectionData.txt,2024-11-21 01:30:00,55.5,15,1,0.6177221171434207,0.2920660578765931,25005.955797669998,7592.685112548955,3693.213708120179,5190.333138048128
89,2_1_6_CorrectionData.txt,2024-11-21 02:00:00,56.0,15,1,0.6918672047016204,0.3247293220217496,28007.41669835561,8454.419772845935,2774.1504285152405,5770.795049719692
90,2_2_6_CorrectionData.txt,2024-11-21 02:30:00,56.5,15,1,0.5938693574576395,0.2824603160327793,24040.37428811785,7947.5988748358195,2224.2543134498183,5019.628604389005
91,2_3_6_CorrectionData.txt,2024-11-21 03:00:00,57.0,15,1,0.5301417282551834,0.2128789397874963,21460.62162150428,6116.833106310922,2674.3808036061437,3783.091481443056
92,2_4_6_CorrectionData.txt,2024-11-21 03:30:00,57.5,15,1,0.4829506421627353,0.21086984215902957,19550.283331645358,5738.920615019337,1965.0970262224596,3747.387620219268
93,2_1_7_CorrectionData.txt,2024-11-21 04:00:00,58.0,15,1,0.5602792639748416,0.2460471922875778,22680.61660815214,10213.195334416781,2487.3418568452867,4372.5275882400365
94,2_2_7_CorrectionData.txt,2024-11-21 04:30:00,58.5,15,1,0.48586518057554146,0.22358770574077103,19668.266510001136,8857.57451466521,3758.399239070763,3973.3979593644603
95,2_3_7_CorrectionData.txt,2024-11-21 05:00:00,59.0,15,1,0.44661926039805255,0.226165914004029,18079.555796945482,5870.655220838653,2569.8594707118427,4019.2155387260154
96,2_4_7_CorrectionData.txt,2024-11-21 05:30:00,59.5,15,1,0.4658095783589964,0.26489558443740663,18856.397404776693,9439.637904259009,2812.2769554679858,4707.484121996242
97,2_1_8_CorrectionData.txt,2024-11-21 06:00:00,60.0,15,1,0.4542937424503776,0.13119915779968408,18390.225843629105,9026.352923513497,1192.894556798488,2331.5524623523197
98,2_2_8_CorrectionData.txt,2024-11-21 06:30:00,60.5,15,1,0.4548526727777305,0.16277075984828546,18412.851854050095,9592.302379408771,2517.5929193828515,2892.614345152007
99,2_3_8_CorrectionData.txt,2024-11-21 07:00:00,61.0,15,1,0.44283070621888815,0.18765498344948847,17926.19166166187,8037.638553678962,3215.5800454897035,3334.8342022313814
100,2_4_8_CorrectionData.txt,2024-11-21 07:30:00,61.5,15,1,0.4097951652790469,0.18335956762810302,16588.882775404218,8242.0390710438,3337.696638044638,3258.4999672931563
101,2_1_9_CorrectionData.txt,2024-11-21 08:00:00,62.0,15,1,0.0009618424618085582,0.007919475624361773,38.93626181871456,206.75231175701416,106.42167942183755,140.7377394961016
102,2_2_9_CorrectionData.txt,2024-11-21 08:30:00,62.5,15,1,0.35123247664302887,0.19804848614545031,14218.211622820287,7447.358060393202,3107.9309126932512,3519.5381074213406
103,2_3_9_CorrectionData.txt,2024-11-21 09:00:00,63.0,15,1,0.3558433834878141,0.1859265940182748,14404.865345502363,7953.5528667092585,2797.7495943046874,3304.1188325458324
104,2_4_9_CorrectionData.txt,2024-11-21 09:30:00,63.5,15,1,0.33213484833252666,0.16317179272735413,13445.122176741943,7476.173090290538,2152.3117296375844,2899.741137826274
105,2_1_10_CorrectionData.txt,2024-11-21 10:00:00,64.0,15,1,0.392051367524384,0.17769456584594567,15870.597627403145,9951.639846003649,3237.082420925487,3157.826692586731
106,2_2_10_CorrectionData.txt,2024-11-21 10:30:00,64.5,15,1,0.3470383416962623,0.1763151124963606,14048.429207430492,7415.586553434103,1582.6744510949206,3133.3122985321907
107,2_3_10_CorrectionData.txt,2024-11-21 11:00:00,65.0,15,1,0.30595661821093684,0.1705679780797513,12385.403498853448,7664.579865368281,2361.2663406937036,3031.1794371233245
108,2_4_10_CorrectionData.txt,2024-11-21 11:30:00,65.5,15,1,0.35073213643130763,0.16267063415097907,14197.957393821727,8056.327448281118,2937.1444870284217,2890.8350020524435
109,2_1_11_CorrectionData.txt,2024-11-21 12:00:00,66.0,15,1,0.37864159536866554,0.21287208310306419,15327.757796228916,8829.427252069387,4184.853532556588,3782.9696306649003
110,2_2_11_CorrectionData.txt,2024-11-21 12:30:00,66.5,15,1,0.3438013252877274,0.1719502237901562,13917.391825116136,8244.321832765676,3728.204837066726,3055.74345448227
111,2_3_11_CorrectionData.txt,2024-11-21 13:00:00,67.0,15,1,0.3426656487738214,0.14079191863185123,13871.418602012984,7148.597960835569,3231.8602905195603,2502.026309243508
112,2_4_11_CorrectionData.txt,2024-11-21 13:30:00,67.5,15,1,0.31520452690258,0.16680583849249295,12759.767293748013,7978.797255646081,3221.7997266919456,2964.3221038485335
113,2_1_12_CorrectionData.txt,2024-11-21 14:00:00,68.0,15,1,0.4015183624843709,0.18094794764575178,16253.830234648829,7475.483112298377,3512.5151950882905,3215.642843799315
114,2_2_12_CorrectionData.txt,2024-11-21 14:30:00,68.5,15,1,0.2815141786339202,0.12892805463687457,11395.951208434339,7989.579637490254,3154.85528996049,2291.1924763561487
115,2_3_12_CorrectionData.txt,2024-11-21 15:00:00,69.0,15,1,0.3155617310166157,0.14036370771058687,12774.227242709578,7524.5951426848005,3371.047776691991,2494.4165330481114
116,2_4_12_CorrectionData.txt,2024-11-21 15:30:00,69.5,15,1,0.4708202905277605,0.17120148095218166,19059.23561232928,7991.734779452555,3161.5468930394686,3042.4374757181868
117,2_1_13_CorrectionData.txt,2024-11-21 16:00:00,70.0,15,1,0.34726035787118675,0.18248691702638686,14057.416625077447,7865.609288684176,3863.362178392119,3242.9920121101586
118,2_2_13_CorrectionData.txt,2024-11-21 16:30:00,70.5,15,1,0.3502466309952585,0.17470934470637867,14178.303690098901,6752.564855952905,3621.315818916325,3104.776049462554
119,2_3_13_CorrectionData.txt,2024-11-21 17:00:00,71.0,15,1,0.2702410632461328,0.1338408483831978,10939.60519577636,5594.941240568456,3662.5380123323584,2378.498191944336
120,2_4_13_CorrectionData.txt,2024-11-21 17:30:00,71.5,15,1,0.33400525400201836,0.138468519176749,13520.837907483961,6946.207351709812,3331.9247698431363,2460.736960962457
121,2_1_14_CorrectionData.txt,2024-11-21 18:00:00,72.0,15,1,0.3932424985590109,0.19471979424440472,15918.815700181325,8864.731643743768,4219.187731159098,3460.3836133799637
122,2_2_14_CorrectionData.txt,2024-11-21 18:30:00,72.5,15,1,0.27391902677237073,0.1261944711875386,11088.492520367969,7279.993952468781,3005.9678979400005,2242.6137100802557
123,2_3_14_CorrectionData.txt,2024-11-21 19:00:00,73.0,15,1,0.2805914716155774,0.1578849797697161,11358.599185130432,7123.61224657803,3521.8852519487914,2805.7886919714215
124,2_4_14_CorrectionData.txt,2024-11-21 19:30:00,73.5,15,1,0.3881639196539481,0.14869633407297492,15713.230185124408,8695.338735981106,3218.5936203109763,2642.4964128195234
125,2_1_15_CorrectionData.txt,2024-11-21 20:00:00,74.0,15,1,0.27896355577417065,0.08130096406503125,11292.699664224832,7499.367914748831,2168.4771714352682,1444.8070104753178
126,2_2_15_CorrectionData.txt,2024-11-21 20:30:00,74.5,15,1,0.2535969974211488,0.15639642557745975,10265.838201261531,7244.103074017424,3131.697765121264,2779.3354566724634
127,2_3_15_CorrectionData.txt,2024-11-21 21:00:00,75.0,15,1,0.26964656179749225,0.146526801729308,10915.539233859532,7799.915897215632,3635.0390110433073,2603.941451317767
128,2_4_15_CorrectionData.txt,2024-11-21 21:30:00,75.5,15,1,0.25566907639668673,0.1641292118517953,10349.717851728301,7304.440494135717,3302.9671233351055,2916.7555223279055
129,2_1_16_CorrectionData.txt,2024-11-21 22:00:00,76.0,15,1,0.2402102967547557,0.1459876883239606,9723.932325058713,6809.086678367468,2706.7033018192124,2594.3608167404936
130,2_2_16_CorrectionData.txt,2024-11-21 22:30:00,76.5,15,1,0.2987279624881128,0.14411868133417605,12092.780909399451,8135.562958471917,3534.5846992743163,2561.146519314597
131,2_3_16_CorrectionData.txt,2024-11-21 23:00:00,77.0,15,1,0.291436145802095,0.16221214000846298,11797.601506436713,8432.658924010553,4093.688998574359,2882.6870599094786
132,2_4_16_CorrectionData.txt,2024-11-21 23:30:00,77.5,15,1,0.2541056581912131,0.13726558790435747,10286.429254065431,7352.053944326909,3351.2082180176017,2439.3595571953747
133,2_1_17_CorrectionData.txt,2024-11-22 00:00:00,78.0,15,1,0.2868067253671023,0.09448623835067665,11610.198336704681,8755.785926597166,3263.4670791274284,1679.1237488070124
134,2_2_17_CorrectionData.txt,2024-11-22 00:30:00,78.5,15,1,0.19330798090642928,0.1359575342452907,7825.283718570009,6915.549156900435,2693.410679522614,2416.1140136962117
135,2_3_17_CorrectionData.txt,2024-11-22 01:00:00,79.0,15,1,0.25692997831235537,0.15171675540466908,10400.76031353008,7872.559459409362,3710.5503300831756,2696.1726018390077
136,2_4_17_CorrectionData.txt,2024-11-22 01:30:00,79.5,15,1,0.30224468181269565,0.13793136300465242,12235.140921357568,7572.339603344757,2860.5848688979104,2451.191108559718
137,2_1_18_CorrectionData.txt,2024-11-22 02:00:00,80.0,15,1,0.2679965817814829,0.042970204268500525,10848.746535003018,8471.251868755806,1175.9130257272539,763.6275053150212
138,2_2_18_CorrectionData.txt,2024-11-22 02:30:00,80.5,15,1,0.22316215227865924,0.1387385031418016,9033.80785748589,7927.707214747072,3892.945704779295,2465.534871170655
139,2_3_18_CorrectionData.txt,2024-11-22 03:00:00,81.0,15,1,0.22935427337754102,0.14002778160587276,9284.470578141734,6640.966168467376,2994.9743214303885,2488.446758929512
140,2_4_18_CorrectionData.txt,2024-11-22 03:30:00,81.5,15,1,0.3173357515849034,0.1149608792528986,12846.041216474838,7884.66453348501,3405.803071825443,2042.9805007248974
141,2_1_19_CorrectionData.txt,2024-11-22 04:00:00,82.0,15,1,0.2762337320247432,0.12470085539934458,11182.193904241232,9205.081496377667,3761.3619549689183,2216.0705246880975
142,2_2_19_CorrectionData.txt,2024-11-22 04:30:00,82.5,15,1,0.25724481911541097,0.1614912404570818,10413.50535695012,8233.186254465767,4008.9299245533166,2869.875886786723
143,2_3_19_CorrectionData.txt,2024-11-22 05:00:00,83.0,15,1,0.31150016613540826,0.15443689708310057,12609.811384720699,8053.607117460595,3791.094098662619,2744.5124931512473
144,2_4_19_CorrectionData.txt,2024-11-22 05:30:00,83.5,15,1,0.2291239772171227,0.14188967175681924,9275.147979115452,7477.387544011494,3511.122550384007,2521.5345823490557
145,2_1_20_CorrectionData.txt,2024-11-22 06:00:00,84.0,15,1,0.28848875182780404,0.1376005653128549,11678.288304927486,10008.165744319465,4694.415595355753,2445.312471945079
146,2_2_20_CorrectionData.txt,2024-11-22 06:30:00,84.5,15,1,0.2188283995518288,0.10955786151061506,8858.373586771584,7057.492869885449,3261.1689688377473,1946.962968810643
147,2_3_20_CorrectionData.txt,2024-11-22 07:00:00,85.0,15,1,0.26662316945054837,0.1138964825389412,10793.14954877539,7618.465757077959,3105.99272083986,2024.0650075085755
148,2_4_20_CorrectionData.txt,2024-11-22 07:30:00,85.5,15,1,0.2447918243383242,0.1506509565239537,9909.396748398958,7981.897785897675,3874.801737431063,2677.2321905865333
149,2_1_21_CorrectionData.txt,2024-11-22 08:00:00,86.0,15,1,0.19671213195998122,0.05022509759875671,7963.086864048039,7500.141064305093,1661.2978949155386,892.5548909167521
150,2_2_21_CorrectionData.txt,2024-11-22 08:30:00,86.5,15,1,0.19333730752027037,0.10353481473243319,7826.4708866979645,6589.431869098535,2871.1524299550056,1839.9268431064354
151,2_3_21_CorrectionData.txt,2024-11-22 09:00:00,87.0,15,1,0.30679248670892173,0.14991851024016908,12419.240219497242,8228.881510649691,3734.49042839883,2664.215819405964
152,2_4_21_CorrectionData.txt,2024-11-22 09:30:00,87.5,15,1,0.1746916427004955,0.14111333431841974,7071.677335744036,6556.63068269659,2972.811283468116,2507.7382173687233
153,2_1_22_CorrectionData.txt,2024-11-22 10:00:00,88.0,15,1,0.19270169563979714,0.13087483069629638,7800.740736932423,6659.2033178051115,2714.2455267610435,2325.7888151674365
154,2_2_22_CorrectionData.txt,2024-11-22 10:30:00,88.5,15,1,0.21232610214083014,0.1052014254277681,8595.154645551473,6843.363059060588,2739.390300940674,1869.5443371182773
155,2_3_22_CorrectionData.txt,2024-11-22 11:00:00,89.0,15,1,0.19680197214021322,0.13403344889629343,7966.723676642876,6603.364801006948,3034.5559583487893,2381.920913614883
156,2_4_22_CorrectionData.txt,2024-11-22 11:30:00,89.5,15,1,0.27203487408582716,0.06396772656541619,11012.220297813194,7755.8769405101175,3106.408689835155,1136.7764312358652
157,2_1_23_CorrectionData.txt,2024-11-22 12:00:00,90.0,15,1,0.22097851651506242,0.13463627747142753,8945.41228629407,7054.745132179646,3142.6194476502305,2392.6338364133376
158,2_2_23_CorrectionData.txt,2024-11-22 12:30:00,90.5,15,1,0.18824045015222962,0.12569563384738264,7620.145442756212,6618.886886986232,2373.3055562829836,2233.7488252116373
159,3_1_1_CorrectionData.txt,2024-11-22 13:00:00,91.0,15,1,0.3213257196366004,0.033146370915131,13007.55876937749,12638.186751757938,704.4164333297367,589.0472471112394
160,3_2_1_CorrectionData.txt,2024-11-22 13:45:00,91.75,15,1,0.2809655274955254,0.1744278670774654,11373.741308975848,9720.552188423493,4392.544216321977,3099.7738842825624
161,3_3_1_CorrectionData.txt,2024-11-22 14:30:00,92.5,15,1,0.24386362615892176,0.16808007012528497,9871.822437877345,9000.999593324002,3690.6567192756384,2986.9665929662115
162,3_4_1_CorrectionData.txt,2024-11-22 15:15:00,93.25,15,1,0.2492669343621564,0.14123979458668307,10090.553291673054,9064.598129821083,4284.979178229509,2509.9855545834125
163,3_1_2_CorrectionData.txt,2024-11-22 16:00:00,94.0,15,1,0.2175656314718025,0.1317084326275648,8807.25558093124,9282.28013785923,496.9060592157484,2340.6028327881745
164,3_2_2_CorrectionData.txt,2024-11-22 16:45:00,94.75,15,1,0.24189862437789905,0.14981076817362304,9792.277370095373,8374.890401779901,4388.279677110386,2662.3011250987192
165,3_3_2_CorrectionData.txt,2024-11-22 17:30:00,95.5,15,1,0.2620432213655777,0.14247103628657365,10607.749064981786,8588.490922799212,3686.4791904858857,2531.866065596401
166,3_4_2_CorrectionData.txt,2024-11-22 18:15:00,96.25,15,1,0.24742730260234158,0.15347969808148837,10016.083316917011,8916.718417306029,4036.961725693163,2727.5020204729276
167,3_1_3_CorrectionData.txt,2024-11-22 19:00:00,97.0,15,1,0.22873788944759102,0.054546656948022,9259.518793384535,8948.849643999656,1432.7361829955453,969.3537249257722
168,3_2_3_CorrectionData.txt,2024-11-22 19:45:00,97.75,15,1,0.2821965307979862,0.15825624401126928,11423.573447592593,9397.172806527187,4545.893689486695,2812.3864634136617
169,3_3_3_CorrectionData.txt,2024-11-22 20:30:00,98.5,15,1,0.17210893702438954,0.08873198467757629,6967.127049810042,6074.009557935584,1919.2504954110464,1576.864370427456
170,3_4_3_CorrectionData.txt,2024-11-22 21:15:00,99.25,15,1,0.2737917315791923,0.1655149003962891,11083.339494621383,9675.224132924024,4109.413159592101,2941.380722612352
171,3_1_4_CorrectionData.txt,2024-11-22 22:00:00,100.0,15,1,0.24483902102239416,0.10002564422396786,9911.307313300062,9596.252784845634,3704.850159792979,1777.5650469101631
172,3_3_4_CorrectionData.txt,2024-11-22 23:30:00,101.5,15,1,0.23396399853240418,0.06237781554085726,9471.076464935897,7090.175992184682,2324.565489057229,1108.5219742225718
173,3_4_4_CorrectionData.txt,2024-11-23 00:15:00,102.25,15,1,0.28880852360939346,0.12263362445014721,11691.232958864672,8628.262971117338,3645.9519921589726,2179.333570802989
174,3_1_5_CorrectionData.txt,2024-11-23 01:00:00,103.0,15,1,0.18029750116657237,0.1442643451232433,7298.607609276991,7869.594852536128,3557.267755528942,2563.7351240874555
175,3_3_5_CorrectionData.txt,2024-11-23 02:30:00,104.5,15,1,0.1946648810934606,0.11797758953007131,7880.212278123071,7171.242345161431,2781.513844408435,2096.590740248573
176,3_4_5_CorrectionData.txt,2024-11-23 03:15:00,105.25,15,1,0.19744979603552684,0.15991412335386115,7992.948179928915,7814.339725178715,2737.2794400609428,2841.8487917420557
177,3_1_6_CorrectionData.txt,2024-11-23 04:00:00,106.0,15,1,0.16865321078753331,0.09560429545724537,6827.236093780679,5990.007110677607,1980.3583386957807,1698.9928458621239
178,3_3_6_CorrectionData.txt,2024-11-23 05:30:00,107.5,15,1,0.18713445882297278,0.10434527535029287,7575.3739030550005,6653.109336873095,2469.380435654767,1854.3296142895815
179,3_4_6_CorrectionData.txt,2024-11-23 06:15:00,108.25,15,1,0.185870285652525,0.12337842089082075,7524.199017870377,6807.60337571037,2512.450239632707,2192.569417772792
180,3_1_7_CorrectionData.txt,2024-11-23 07:00:00,109.0,15,1,0.16738642341824073,0.11796227110647826,6775.955383437872,6177.636863894759,1944.9044777090287,2096.3185151150683
181,3_3_7_CorrectionData.txt,2024-11-23 08:30:00,110.5,15,1,0.24467666326693438,0.138054104235279,9904.734922990952,8941.400388039388,4162.323007900361,2453.372354409912
182,3_4_7_CorrectionData.txt,2024-11-23 09:15:00,111.25,15,1,0.2699303278251084,0.1453577602514287,10927.026341972583,9495.185934791294,4618.649796201138,2583.1663062478347
183,3_1_8_CorrectionData.txt,2024-11-23 10:00:00,112.0,15,1,0.1864545383128445,0.09493477468782903,7547.8500994702745,6830.2221843831585,2553.5482658563774,1687.0947298626897
184,3_3_8_CorrectionData.txt,2024-11-23 11:30:00,113.5,15,1,0.21020763188363978,0.11332292455716592,8509.397033609464,7761.787618337339,3331.934035541176,2013.872255153017
185,3_4_8_CorrectionData.txt,2024-11-23 12:15:00,114.25,15,1,0.1851261089626446,0.1387533338367098,7494.074065409778,7023.473018246854,2491.848468900921,2465.79842883224
186,3_1_9_CorrectionData.txt,2024-11-23 13:00:00,115.0,15,1,0.30167282954968166,0.17309149548758945,12211.991819172506,9395.974462301856,4387.625369713479,3076.0251001954707
187,3_3_9_CorrectionData.txt,2024-11-23 14:30:00,116.5,15,1,0.2355220874238894,0.1294316840524727,9534.149327098405,8235.137513110447,3673.5096234284056,2300.1425216441203
188,3_4_9_CorrectionData.txt,2024-11-23 15:15:00,117.25,15,1,0.24759556529667842,0.11822298574866869,10022.894744548,7736.109618552343,3073.706674881406,2100.951699322687
189,3_1_10_CorrectionData.txt,2024-11-23 16:00:00,118.0,15,1,0.25585691156990953,0.12404612973568152,10357.321591190597,7875.352669170193,3131.7211352951863,2204.435333892059
190,3_3_10_CorrectionData.txt,2024-11-23 17:30:00,119.5,15,1,0.2137811432200183,0.1370686243785143,8654.056038103563,7729.735652252325,3321.240749763297,2435.8593000186142
191,3_4_10_CorrectionData.txt,2024-11-23 18:15:00,120.25,15,1,0.2009014608443256,0.09707489551510813,8132.67472563904,7449.035592305345,2803.504176997041,1725.1270165652656
192,3_3_11_CorrectionData.txt,2024-11-23 20:30:00,122.5,15,1,0.220330582729831,0.134737580300268,8919.183334563737,7636.2711538207695,3058.558087284675,2394.4340984271143
193,3_4_11_CorrectionData.txt,2024-11-23 21:15:00,123.25,15,1,0.3097187028988094,0.15040213135956154,12537.696124940834,8819.141751815308,4458.01604229634,2672.8102953970874
194,3_3_12_CorrectionData.txt,2024-11-23 23:30:00,125.5,15,1,0.29561880639146926,0.13873214451758833,11966.919429353606,9155.801445067758,4300.8052536287905,2465.421871467073
195,3_4_12_CorrectionData.txt,2024-11-24 00:15:00,126.25,15,1,0.22215912249992056,0.13346496949515851,8993.204295439458,8010.875942843868,3167.2186152689765,2371.8184131892604
196,3_3_13_CorrectionData.txt,2024-11-24 02:30:00,128.5,15,1,0.30088036877252955,0.11333680828391808,12179.912282735491,9005.905573620284,4030.2972420038386,2014.118984155234
197,3_4_13_CorrectionData.txt,2024-11-24 03:15:00,129.25,15,1,0.3071620686574228,0.15366133497436726,12434.201234509253,9693.53825556839,4100.943948251249,2730.729906626682
198,3_3_14_CorrectionData.txt,2024-11-24 05:30:00,131.5,15,1,0.2098038577406577,0.1382161287344197,8493.05188731886,7663.762399110862,3178.808499052241,2456.251706886471
199,3_4_14_CorrectionData.txt,2024-11-24 06:15:00,132.25,15,1,0.2915771823016388,0.14005221053225664,11803.310792822249,8653.668187291101,3608.819026022522,2488.880887657304
200,3_3_15_CorrectionData.txt,2024-11-24 08:30:00,134.5,15,1,0.19479948725622118,0.12953668070175411,7885.661258599357,7141.126493123453,2572.795932256738,2302.0084268852543
201,3_4_15_CorrectionData.txt,2024-11-24 09:15:00,135.25,15,1,0.1940779948192813,0.15917475637102577,7856.454585427442,7080.879778020981,3151.15518950315,2828.7094321735754
202,3_3_16_CorrectionData.txt,2024-11-24 11:30:00,137.5,15,1,0.295026243978063,0.15916956465008672,11942.931961355018,8532.212711873059,3948.4477635803787,2828.6171696168467
203,3_4_16_CorrectionData.txt,2024-11-24 12:15:00,138.25,15,1,0.21230062793509927,0.10879309924445343,8594.123426424281,8243.669055193179,3532.928854412852,1933.3723072950736
204,3_3_17_CorrectionData.txt,2024-11-24 14:30:00,140.5,15,1,0.2718529500512209,0.14538201785890534,11004.855846643897,8989.60981612908,4063.037995353408,2583.597390451357
205,3_4_17_CorrectionData.txt,2024-11-24 15:15:00,141.25,15,1,0.2851194220914637,0.08603662302585693,11541.894758191098,8308.67117610064,3505.5926810964183,1528.9648472796678
206,3_3_18_CorrectionData.txt,2024-11-24 17:30:00,143.5,15,1,0.25310328228745343,0.15608770918302325,10245.852161475683,8833.766962388401,4210.1673665472945,2773.849228851429
207,3_4_18_CorrectionData.txt,2024-11-24 18:15:00,144.25,15,1,0.19817290687921377,0.11209046149787656,8022.220367684907,6677.64065623788,2755.9209670221635,1991.9700392483103
208,3_3_19_CorrectionData.txt,2024-11-24 20:30:00,146.5,15,1,0.21055290188472303,0.1635779089594346,8523.37387877291,7413.906104055101,3420.9644923297833,2906.958267240734
209,3_4_19_CorrectionData.txt,2024-11-24 21:15:00,147.25,15,1,0.18505843241313794,0.11710720064380488,7491.334456840591,6665.9114386402725,2361.3566626399243,2081.1229782216474
210,3_3_20_CorrectionData.txt,2024-11-24 23:30:00,149.5,15,1,0.2062447413923882,0.15017909991617862,8348.975605098049,7995.570952701208,3325.8302512644036,2668.8467828279336
211,3_4_20_CorrectionData.txt,2024-11-25 00:15:00,150.25,15,1,0.2216572539927537,0.12751926953796747,8972.88819964465,7771.2839174064475,3670.244409342484,2266.15682505039
212,3_3_21_CorrectionData.txt,2024-11-25 02:30:00,152.5,15,1,0.20726401100996167,0.10517665433468844,8390.236570661036,7040.522354387074,3166.561559362376,1869.104127714241
213,3_4_21_CorrectionData.txt,2024-11-25 03:15:00,153.25,15,1,0.2600103284196171,0.08045738869120336,10525.455700801846,7485.890249050728,2946.045015256809,1429.8157538772293
214,3_3_22_CorrectionData.txt,2024-11-25 05:30:00,155.5,15,1,0.20468454392487878,0.14628300348864037,8285.817385851191,7272.977486851592,3241.567334428866,2599.608890058391
215,3_4_22_CorrectionData.txt,2024-11-25 06:15:00,156.25,15,1,0.24013005759508724,0.07975791657418362,9720.684170550032,8428.807663094636,3779.2805785796663,1417.3853696877654
216,3_3_23_CorrectionData.txt,2024-11-25 08:30:00,158.5,15,1,0.28824152487215843,0.11994339583186081,11668.280331838461,8336.255443899327,3414.961877553047,2131.525267270789
217,3_4_23_CorrectionData.txt,2024-11-25 09:15:00,159.25,15,1,0.21359501310495005,0.1682022476292838,8646.521320953503,7550.660741113157,3364.442550345359,2989.137820777959
218,3_3_24_CorrectionData.txt,2024-11-25 11:30:00,161.5,15,1,0.19039141785842123,0.073810053475443,7707.218581131076,6059.626996436423,2190.263719157652,1311.685340158791
219,3_4_24_CorrectionData.txt,2024-11-25 12:15:00,162.25,15,1,0.19700742293338294,0.09264786921025937,7975.040512498384,6633.838419167861,3049.862630767163,1646.4539194579802
220,4_1_1_CorrectionData.txt,2024-11-25 13:00:00,163.0,15,1,0.2432352739667358,0.08186393445137247,9846.386166927825,9330.100209132688,3925.8381788234724,1454.811609685546
221,4_2_1_CorrectionData.txt,2024-11-25 14:45:00,164.75,15,1,0.2622854980067744,0.17216010811970175,10617.55664481815,9198.171354944065,3950.9563444539954,3059.473328465975
222,4_3_1_CorrectionData.txt,2024-11-25 16:30:00,166.5,15,1,0.2052544543716219,0.14688196191504038,8308.887881539109,6819.183770152063,2836.36617865642,2610.2530360829546
223,4_4_1_CorrectionData.txt,2024-11-25 18:15:00,168.25,15,1,0.26116677221157325,0.18264000204504335,10572.269602298322,9188.012375758311,4230.9629640320345,3245.712500245782
224,4_1_2_CorrectionData.txt,2024-11-25 20:00:00,170.0,15,1,0.25751838721580406,0.0648948265049839,10424.579643649964,8703.470620431752,2002.4179434312648,1153.2520106770542
225,4_2_2_CorrectionData.txt,2024-11-25 21:45:00,171.75,15,1,0.2942138810155848,0.1574442186221449,11910.046766268702,9149.172119870113,3935.877030013557,2797.9558845345177
226,4_3_2_CorrectionData.txt,2024-11-25 23:30:00,173.5,15,1,0.22190692241940113,0.13568941670101126,8982.995005710929,7362.002646251166,3184.7425277653547,2411.349271825543
227,4_4_2_CorrectionData.txt,2024-11-26 01:15:00,175.25,15,1,0.19581979481191628,0.1668701714050589,7926.964240846011,7173.831016130036,3103.5813339539195,2965.4653700342237
228,4_1_3_CorrectionData.txt,2024-11-26 03:00:00,177.0,15,1,0.2277105179490383,0.09316232125116898,9217.92985627573,8748.92045631801,3238.206655710368,1655.5962946291404
229,4_2_3_CorrectionData.txt,2024-11-26 04:45:00,178.75,15,1,0.21672176940218232,0.1380945685382131,8773.095273202849,7268.036554136248,3048.5222968555963,2454.0914493090386
230,4_3_3_CorrectionData.txt,2024-11-26 06:30:00,180.5,15,1,0.22481236763013074,0.157787139728342,9100.61008293697,7715.669739661298,3445.521377237643,2804.0499674764765
231,4_4_3_CorrectionData.txt,2024-11-26 08:15:00,182.25,15,1,0.22292058999831502,0.13518460859986303,9024.02919562964,8537.707004606764,3723.286100070344,2402.3782800067956
232,4_1_4_CorrectionData.txt,2024-11-26 10:00:00,184.0,15,1,0.2272740646390842,0.1801124433150999,9200.261827442751,8745.930413441076,4047.4254399832216,3200.7950184618103
233,4_2_4_CorrectionData.txt,2024-11-26 11:45:00,185.75,15,1,0.26512509530543243,0.1306486483430319,10732.506138389448,8864.506839809175,3675.7013334736266,2321.7693074850804
234,4_3_4_CorrectionData.txt,2024-11-26 13:30:00,187.5,15,1,0.2524801538506678,0.1687714097187554,10220.627352918415,8437.75556037494,3885.8524821372766,2999.2524533216465
235,4_4_4_CorrectionData.txt,2024-11-26 15:15:00,189.25,15,1,0.20111058993997133,0.14641380706795903,8141.140462540135,7086.04722353959,3050.7861107846993,2601.933412658685
236,4_1_5_CorrectionData.txt,2024-11-26 17:00:00,191.0,15,1,0.2166614065848571,0.16834006829307965,8770.651731195907,8441.889200906291,3789.798994838938,2991.5870446405606
237,4_2_5_CorrectionData.txt,2024-11-26 18:45:00,192.75,15,1,0.18492326004219387,0.13942271511586232,7485.862555739616,6731.667406622857,2392.497593349879,2477.694065937194
238,4_3_5_CorrectionData.txt,2024-11-26 20:30:00,194.5,15,1,0.25013705909292683,0.1493237688131616,10125.776735924528,8575.241695935241,3607.561691441298,2653.6466140706716
239,4_4_5_CorrectionData.txt,2024-11-26 22:15:00,196.25,15,1,0.2595835229742426,0.1448283659897109,10508.1782263436,9366.877460525957,4223.558802820307,2573.758391477925
240,4_1_6_CorrectionData.txt,2024-11-27 00:00:00,198.0,15,1,0.1728249058290951,0.12699944055443402,6996.110121301427,6500.78003218677,2216.5573120272657,2256.9188957306756
241,4_2_6_CorrectionData.txt,2024-11-27 01:45:00,199.75,15,1,0.17440084668525008,0.13149526902174277,7059.905647307507,7005.85693200323,2124.472438135297,2336.814682480098
242,4_3_6_CorrectionData.txt,2024-11-27 03:30:00,201.5,15,1,0.37836327093719957,0.12749578691127517,15316.490968900742,7983.881253662821,2499.0798409310337,2265.7395131026215
243,4_4_6_CorrectionData.txt,2024-11-27 05:15:00,203.25,15,1,0.24323627830357605,0.17324764376174515,9846.426823400916,8359.842122117081,3273.5823566191307,3078.8000257300964
244,4_1_7_CorrectionData.txt,2024-11-27 07:00:00,205.0,15,1,0.19772715080101858,0.141488692267568,8004.175754292339,8260.340376463184,3495.4689472254745,2514.4087384702107
245,4_2_7_CorrectionData.txt,2024-11-27 08:45:00,206.75,15,1,0.21828391719012433,0.14557666243127343,8836.332443203088,8222.936134084706,3572.154924516117,2587.056437289762
246,4_3_7_CorrectionData.txt,2024-11-27 10:30:00,208.5,15,1,0.2836907613506425,0.1562255108762461,11484.061265843362,8588.777165986026,4124.348812020903,2776.2981155862094
247,4_4_7_CorrectionData.txt,2024-11-27 12:15:00,210.25,15,1,0.28812476149458066,0.1565416624072287,11663.553643611727,8877.706804891708,3998.536422485293,2781.916473911835
248,4_1_8_CorrectionData.txt,2024-11-27 14:00:00,212.0,15,1,0.1758856006345136,0.11549824863411016,7120.009843992892,6831.525395981433,2350.5534315134128,2052.5301420866926
249,4_2_8_CorrectionData.txt,2024-11-27 15:45:00,213.75,15,1,0.189187440825139,0.1576003863914388,7658.480490588213,6757.282218195298,3164.157534567194,2800.731156519062
250,4_3_8_CorrectionData.txt,2024-11-27 17:30:00,215.5,15,1,0.19728860096946538,0.1747474996275311,7986.422856349155,7205.883643843943,3920.6319537050103,3105.4541041227803
251,4_4_8_CorrectionData.txt,2024-11-27 19:15:00,217.25,15,1,0.1917293224238965,0.12942579012153724,7761.378180564697,7309.308736320318,3235.027154963298,2300.037780048092
252,4_1_9_CorrectionData.txt,2024-11-27 21:00:00,219.0,15,1,0.17517225437014824,0.1369106199296555,7091.132935331044,6778.549151509587,2471.735378007881,2433.0513882303253
253,4_2_9_CorrectionData.txt,2024-11-27 22:45:00,220.75,15,1,0.18654980881813396,0.1300154874474296,7551.706736585854,7311.898465422176,3007.880847823664,2310.5173461923055
254,4_3_9_CorrectionData.txt,2024-11-28 00:30:00,222.5,15,1,0.2540640100945531,0.18236280166849628,10284.743301053171,9752.656743435315,4623.195629671788,3240.786346516273
255,4_4_9_CorrectionData.txt,2024-11-28 02:15:00,224.25,15,1,0.1578331254800864,0.12627313191839123,6389.229152769342,6478.314703064424,2712.219015605281,2244.011597260217
256,4_1_10_CorrectionData.txt,2024-11-28 04:00:00,226.0,15,1,0.17232272776025145,0.16552080978663156,6975.781494167056,6874.490033738806,2794.343454585414,2941.485738938943
257,4_2_10_CorrectionData.txt,2024-11-28 05:45:00,227.75,15,1,0.1550983649015698,0.1301294759362158,6278.523545432769,6215.9312117067375,1636.4972122560864,2312.54304625141
258,4_3_10_CorrectionData.txt,2024-11-28 07:30:00,229.5,15,1,0.18291157972325725,0.12045301941440209,7404.4278980864365,6962.410057403623,3026.220289199392,2140.5818354582243
259,4_4_10_CorrectionData.txt,2024-11-28 09:15:00,231.25,15,1,0.26202834751738907,0.11694340352071785,10607.146958014875,7977.833650633504,3445.3560887747926,2078.212124279712
260,4_1_11_CorrectionData.txt,2024-11-28 11:00:00,233.0,15,1,0.15912285285957944,0.09663575852202125,6441.438495688433,6291.871043266146,1892.0328561311585,1717.3230721290904
261,4_2_11_CorrectionData.txt,2024-11-28 12:45:00,234.75,15,1,0.16548013579805995,0.0487036259908749,6698.787118541801,6033.390529753888,1511.8603470676594,865.5166771564767
262,4_3_11_CorrectionData.txt,2024-11-28 14:30:00,236.5,15,1,0.208201332621422,0.064607004415861,8428.180206049657,6539.846473017598,1957.459603805216,1148.1370975033087
263,4_4_11_CorrectionData.txt,2024-11-28 16:15:00,238.25,15,1,0.17070175889945674,0.13230709386570486,6910.163193385021,6642.699827333656,2962.0003566567993,2351.2416974524695
264,4_1_12_CorrectionData.txt,2024-11-28 18:00:00,240.0,15,1,0.18445887993847074,0.13065555513143914,7467.064024774402,6775.411879363697,2795.866602932713,2321.8920486656484
265,4_2_12_CorrectionData.txt,2024-11-28 19:45:00,241.75,15,1,0.2055797921504707,0.14666559138068697,8322.057852131755,8015.882915271596,3672.836677598884,2606.4078951490283
266,4_3_12_CorrectionData.txt,2024-11-28 21:30:00,243.5,15,1,0.19666983447325728,0.09688464618531976,7961.374623132557,7493.6788335602305,3047.4464349722925,1721.7460779924265
267,4_4_12_CorrectionData.txt,2024-11-28 23:15:00,245.25,15,1,0.1520887858327839,0.13408668987576058,6156.693034471511,6132.620640274027,2282.0669145780494,2382.867064023594
268,4_1_13_CorrectionData.txt,2024-11-29 01:00:00,247.0,15,1,0.17114764758843382,0.11958199937128076,6928.213174983224,6905.797165012301,2492.0456843068614,2125.102857084
269,4_2_13_CorrectionData.txt,2024-11-29 02:45:00,248.75,15,1,0.1473853581363944,0.09311333025802646,5966.293983167758,5639.489656393175,1811.9779756493385,1654.7256711235466
270,4_3_13_CorrectionData.txt,2024-11-29 04:30:00,250.5,15,1,0.2655970111224337,0.13180319293365894,10751.609721914556,8245.15957275028,3878.218643472097,2342.2868270203967
271,4_4_13_CorrectionData.txt,2024-11-29 06:15:00,252.25,15,1,0.23175744554997468,0.1376473138250813,9381.753183783187,8555.016771659108,3935.455869065846,2446.1432441132906
272,4_1_14_CorrectionData.txt,2024-11-29 08:00:00,254.0,15,1,0.16052033886377015,0.14235309298109428,6498.010006208821,6706.935115773925,1984.0122276284478,2529.7700841212127
273,4_2_14_CorrectionData.txt,2024-11-29 09:45:00,255.75,15,1,0.16197245542059843,0.12624236507668546,6556.793011423255,6424.847861458408,2287.252513239727,2243.464836848482
274,4_3_14_CorrectionData.txt,2024-11-29 11:30:00,257.5,15,1,0.20585640719141024,0.14721370607041853,8333.25548176932,7859.496076818497,3736.116482193142,2616.1484923901044
275,4_4_14_CorrectionData.txt,2024-11-29 13:15:00,259.25,15,1,0.2560182737205542,0.11522840259718378,10363.853678506974,7655.197729473491,3387.9426271248462,2047.7346830120823
276,4_1_15_CorrectionData.txt,2024-11-29 15:00:00,261.0,15,1,0.17863386596602268,0.11571132393679857,7231.262136071708,6720.465203679047,2759.1621235384155,2056.316723151551
277,4_2_15_CorrectionData.txt,2024-11-29 16:45:00,262.75,15,1,0.26288731690762734,0.13629508593790385,10641.918823887476,8015.398495978041,3618.4258224036557,2422.112676288886
278,4_3_15_CorrectionData.txt,2024-11-29 18:30:00,264.5,15,1,0.2619386513615314,0.14111445048712531,10603.515975658325,7783.743530496891,3517.4525916649627,2507.7580529068287
279,4_4_15_CorrectionData.txt,2024-11-29 20:15:00,266.25,15,1,0.20499192730874352,0.10272915285696971,8298.260546127538,8116.31743881536,3511.8772248950954,1825.6093508217039
280,4_1_16_CorrectionData.txt,2024-11-29 22:00:00,268.0,15,1,0.16816682065958197,0.09915086561948908,6807.5465769211905,6143.693967740935,2775.5376462120303,1762.0192747917195
281,4_2_16_CorrectionData.txt,2024-11-29 23:45:00,269.75,15,1,0.19913026067422912,0.11212573908925683,8060.974924169935,7467.8550192613675,3341.3870010306487,1992.5969606129588
282,4_3_16_CorrectionData.txt,2024-11-30 01:30:00,271.5,15,1,0.20309369928692103,0.14249997555833388,8221.418541138148,7691.571489091758,3702.709443820948,2532.3803480922857
283,4_4_16_CorrectionData.txt,2024-11-30 03:15:00,273.25,15,1,0.1824309891999512,0.13022617434074468,7384.973154522869,6893.329186210382,3291.509729498517,2314.2614826115664
284,4_1_17_CorrectionData.txt,2024-11-30 05:00:00,275.0,15,1,0.22338097265273407,0.1262257630041069,9042.665906194019,7845.899686360787,3622.2365577692076,2243.169799869206
285,4_2_17_CorrectionData.txt,2024-11-30 06:45:00,276.75,15,1,0.18984671768770933,0.12205544480660532,7685.168620454919,7405.021207120693,3344.482813765113,2169.0586864653906
286,4_3_17_CorrectionData.txt,2024-11-30 08:30:00,278.5,15,1,0.2527304452703453,0.13182966249207248,10230.759378311865,7806.323487561886,3590.4605837268564,2342.7572200101954
287,4_4_17_CorrectionData.txt,2024-11-30 10:15:00,280.25,15,1,0.25107341665503585,0.14506809134551335,10163.681345714429,7697.366966200434,3535.423195009994,2578.0185731207284
288,4_1_18_CorrectionData.txt,2024-11-30 12:00:00,282.0,15,1,0.22641355837046653,0.13379659965737448,9165.4277473289,7630.095511968661,3266.381574063545,2377.7118437132995
289,4_2_18_CorrectionData.txt,2024-11-30 13:45:00,283.75,15,1,0.20575862664027325,0.13449668710088636,8329.297235704065,7626.686155496194,3096.3866692288348,2390.15316292721
290,4_3_18_CorrectionData.txt,2024-11-30 15:30:00,285.5,15,1,0.19685927966196498,0.1552973693802991,7969.04353749297,7391.926784807647,3399.739192459348,2759.8040265495206
291,4_4_18_CorrectionData.txt,2024-11-30 17:15:00,287.25,15,1,0.18647354788455364,0.10473869182323504,7548.619624304661,6720.033638470725,2821.41182758035,1861.3210551006482
292,4_1_19_CorrectionData.txt,2024-11-30 19:00:00,289.0,15,1,0.1783585646657032,0.13960873177978214,7220.117687854984,6538.79485250236,2658.178855090785,2480.9997854103553
293,4_2_19_CorrectionData.txt,2024-11-30 20:45:00,290.75,15,1,0.17929632084846725,0.1340776143863049,7258.078915087106,6656.174440929715,2664.7499812776114,2382.7057826545492
294,4_3_19_CorrectionData.txt,2024-11-30 22:30:00,292.5,15,1,0.2501225571694801,0.12858695115133642,10125.18968481105,7408.983465957712,3320.9589182383434,2285.1306945203405
295,4_4_19_CorrectionData.txt,2024-12-01 00:15:00,294.25,15,1,0.21135539950656523,0.16269721613822394,8555.859715854995,7643.143966763328,3670.6375554646033,2891.307393025483
296,4_1_20_CorrectionData.txt,2024-12-01 02:00:00,296.0,15,1,0.1592554430441644,0.12876580508737678,6446.805867525901,6249.461593367918,2631.3777778888934,2288.3091244887173
297,4_2_20_CorrectionData.txt,2024-12-01 03:45:00,297.75,15,1,0.18675325915975996,0.1437914271906532,7559.942592334791,7316.130005934736,3403.4661868487087,2555.330855426642
298,4_3_20_CorrectionData.txt,2024-12-01 05:30:00,299.5,15,1,0.2381445622631285,0.1127101083391051,9640.309505098458,7272.092791334728,3314.5121001203197,2002.9818410211622
299,4_4_20_CorrectionData.txt,2024-12-01 07:15:00,301.25,15,1,0.2012821387141899,0.14705006035598991,8148.0849136876695,7338.988499318354,3537.8911248427785,2613.2403291455507
300,4_1_21_CorrectionData.txt,2024-12-01 09:00:00,303.0,15,1,0.18198422522296573,0.1431119325189218,7366.887740466217,6926.7757987580235,3004.0758775920776,2543.255492279498
301,4_2_21_CorrectionData.txt,2024-12-01 10:45:00,304.75,15,1,0.240809218489125,0.13322013483252165,9748.17722418125,6596.365405807211,2825.705919127182,2367.467433578463
302,4_3_21_CorrectionData.txt,2024-12-01 12:30:00,306.5,15,1,0.20589686722232714,0.08460320462318373,8334.893340794602,6352.584188591372,2434.6042692999863,1503.4914352366075
303,4_1_22_CorrectionData.txt,2024-12-01 16:00:00,310.0,15,1,0.18667437670872897,0.12594434641780414,7556.74935863156,5690.229004634243,2508.6445488257355,2238.1687194831356
304,4_2_22_CorrectionData.txt,2024-12-01 17:45:00,311.75,15,1,0.19674074507976969,0.1283585755215476,7964.2451492847285,7413.152907462246,3497.1084066457784,2281.0722099164354
305,4_3_22_CorrectionData.txt,2024-12-01 19:30:00,313.5,15,1,0.22330335134233778,0.06388921585945885,9039.523724616156,6520.780373608646,2850.62242265969,1135.381210162302
306,4_1_23_CorrectionData.txt,2024-12-01 23:00:00,317.0,15,1,0.15999784492132987,0.11533284368845803,6476.858973945915,6457.997778764757,3048.0165971725437,2049.5907153800877
307,4_2_23_CorrectionData.txt,2024-12-02 00:45:00,318.75,15,1,0.20686382771124476,0.1419199218276794,8374.036785027722,7545.454650242134,3604.860224778713,2522.0721591779256
308,4_3_23_CorrectionData.txt,2024-12-02 02:30:00,320.5,15,1,0.15066155144955812,0.10835023162436991,6098.917282382692,5788.0776858682575,2634.4420301389446,1925.502065538809
309,4_1_24_CorrectionData.txt,2024-12-02 06:00:00,324.0,15,1,0.23586425573676542,0.1343302629207038,9548.000613088792,6851.192450102478,3117.7663737682765,2387.1956233087617
310,4_2_24_CorrectionData.txt,2024-12-02 07:45:00,325.75,15,1,0.2367219697295255,0.1179743171439835,9582.72165932425,7138.249963854831,3252.1025907309017,2096.532586370387
311,4_3_24_CorrectionData.txt,2024-12-02 09:30:00,327.5,15,1,0.20437276748352337,0.11620487694336995,8273.196390593095,6233.706676766837,2767.7411419995683,2065.087699635484
