,sample,date,time,n_iter,df,cnc_uranine,area1,area2,area3
0,MLAC.HZ.230911.1030_CorrectionData.txt,2023-09-11 10:30:00,0.0,15,1,0.006246475889662974,239.78246372913512,29.940382515807002,1.3907206450650852e-16
1,MLAC.HZ.230911.1100_CorrectionData.txt,2023-09-11 11:00:00,0.5,15,1,0.016581773592571472,636.5218717333469,36.52356518773906,5.771926859369366
2,MLAC.HZ.230911.1130_CorrectionData.txt,2023-09-11 11:30:00,1.0,15,1,0.0017692878505816921,67.91736770497548,4.021525923079464,1.6720735392434016e-18
3,MLAC.HZ.230911.1200_CorrectionData.txt,2023-09-11 12:00:00,1.5,15,1,0.011465373983257431,440.1194641335158,88.41446811350754,7.789963706643997
4,MLAC.HZ.230911.1230_CorrectionData.txt,2023-09-11 12:30:00,2.0,15,1,0.0010099364430952004,38.76826755002052,1.3904282526131568e-18,1.957916292820505
5,MLAC.HZ.230911.1300_CorrectionData.txt,2023-09-11 13:00:00,2.5,15,1,0.000817835901885758,31.394135020168452,8.606319088729407,7.257417467708866e-18
6,MLAC.HZ.230911.1330_CorrectionData.txt,2023-09-11 13:30:00,3.0,15,1,0.012333955382626828,473.46155839097577,2.349989212206894e-16,5.653466632400434e-17
7,MLAC.HZ.230911.1400_CorrectionData.txt,2023-09-11 14:00:00,3.5,15,1,0.01094975303293388,420.3264057750355,21.09437302827545,4.0203294889670934e-18
8,MLAC.HZ.230911.1430_CorrectionData.txt,2023-09-11 14:30:00,4.0,15,1,0.007707087870931024,295.8507405634899,4.1969373066549306e-16,6.114582448794264e-19
9,MLAC.HZ.230911.1500_CorrectionData.txt,2023-09-11 15:00:00,4.5,15,1,0.012888668467430671,494.755240218383,39.47158672489551,2.347910434847408e-16
10,MLAC.HZ.230911.1530_CorrectionData.txt,2023-09-11 15:30:00,5.0,15,1,0.009056761048094499,347.66042739585976,50.00528365310241,9.306947995920039
11,MLAC.HZ.230911.1600_CorrectionData.txt,2023-09-11 16:00:00,5.5,15,1,0.006724824094708211,258.1447392188985,1.936624000630326e-17,49.30833201359064
12,MLAC.HZ.230911.1630_CorrectionData.txt,2023-09-11 16:30:00,6.0,15,1,0.009445816461976555,362.59503489545443,78.18484322174362,94.23137031187343
13,MLAC.HZ.230911.1700_CorrectionData.txt,2023-09-11 17:00:00,6.5,15,1,0.0056423677979227016,216.592663727521,41.984205941696985,4.88735065941507e-16
14,MLAC.HZ.230911.1730_CorrectionData.txt,2023-09-11 17:30:00,7.0,15,1,0.003004189341984064,115.32133232465168,17.199628582920166,29.151789114627945
15,MLAC.HZ.230911.1800_CorrectionData.txt,2023-09-11 18:00:00,7.5,15,1,0.009994802330248497,383.66886698445126,1.1858429966887521e-20,5.85052434700825e-17
16,MLAC.HZ.230911.1830_CorrectionData.txt,2023-09-11 18:30:00,8.0,15,1,0.044604625036440936,1712.2305558965563,179.47428467745516,29.6814287282606
17,MLAC.HZ.230911.1900_CorrectionData.txt,2023-09-11 19:00:00,8.5,15,1,0.0823447258171183,3160.953724996138,14.341610031954144,6.313980834491241e-19
18,MLAC.HZ.230911.1930_CorrectionData.txt,2023-09-11 19:30:00,9.0,15,1,0.18205288915954437,6988.434929193009,131.22518288619497,8.275408461155684e-18
19,MLAC.HZ.230911.2000_CorrectionData.txt,2023-09-11 20:00:00,9.5,15,1,0.28410936190031627,10906.06030797406,5.044198082112891e-18,3.3072563756774825e-18
20,MLAC.HZ.230911.2030.3x_CorrectionData.txt,2023-09-11 20:30:00,10.0,15,3,0.4615873871157856,5906.293557304189,164.57294220318545,1.1604918287178481e-15
21,MLAC.HZ.230911.2100.10x_CorrectionData.txt,2023-09-11 21:00:00,10.5,15,11,0.4429785597192989,1545.86787384975,7.734287449929181,73.63631760801812
22,MLAC.HZ.230911.2130.10x_CorrectionData.txt,2023-09-11 21:30:00,11.0,15,11,0.5582559373631201,1948.1527943527883,38.026382962744606,9.102520848337864
23,MLAC.HZ.230911.2200.10x_CorrectionData.txt,2023-09-11 22:00:00,11.5,15,11,0.7445392536520195,2598.2280356188176,43.3688268130581,163.00328702285776
24,MLAC.HZ.230911.2230.10x_CorrectionData.txt,2023-09-11 22:30:00,12.0,15,11,0.8265171309227906,2884.307269159117,15.774587693654796,88.61009853637704
25,MLAC.HZ.230911.2300.10x_CorrectionData.txt,2023-09-11 23:00:00,12.5,15,11,0.8791116366891825,3067.846980103119,165.09877394573448,2.18857955454466e-17
26,MLAC.HZ.230911.2330.10x_CorrectionData.txt,2023-09-11 23:30:00,13.0,15,11,1.1272852901687576,3933.901712623578,288.63207567657236,265.47615172609204
27,MLAC.HZ.230912.0000.10x_CorrectionData.txt,2023-09-12 00:00:00,13.5,15,11,1.1121808563378897,3881.191579143024,325.6678716715404,34.64694729884854
28,MLAC.HZ.230912.0030.10x_CorrectionData.txt,2023-09-12 00:30:00,14.0,15,11,1.5894609168742704,5546.761833558457,162.38862673879592,1.4656905810898548e-17
29,MLAC.HZ.230912.0100.10x_CorrectionData.txt,2023-09-12 01:00:00,14.5,15,11,0.8994755550918833,3138.9112033115307,34.30416533925129,1.0582021951228866e-16
30,MLAC.HZ.230912.0130.10x_CorrectionData.txt,2023-09-12 01:30:00,15.0,15,11,1.2401450660970328,4327.749897890051,181.558759195224,10.187803948984806
31,MLAC.HZ.230912.0200.10x_CorrectionData.txt,2023-09-12 02:00:00,15.5,15,11,1.090131196008493,3804.244601045228,164.40399346258573,13.077763371312482
32,MLAC.HZ.230912.0230.10x_CorrectionData.txt,2023-09-12 02:30:00,16.0,15,11,1.3480754574636766,4704.3959476028185,129.05356321248243,7.419900320506864
33,MLAC.HZ.230912.0300.10x_CorrectionData.txt,2023-09-12 03:00:00,16.5,15,11,1.2316707573791685,4298.176995742525,157.41593047778235,3.049042536728734e-17
34,MLAC.HZ.230912.0330.10x_CorrectionData.txt,2023-09-12 03:30:00,17.0,15,11,1.0594679129659488,3697.2385549912897,169.5227431915951,202.34974191926577
35,MLAC.HZ.230912.0400.10x_CorrectionData.txt,2023-09-12 04:00:00,17.5,15,11,1.070540848780534,3735.879918934082,42.64569366300462,216.56291857197692
36,MLAC.HZ.230912.0430.10x_CorrectionData.txt,2023-09-12 04:30:00,18.0,15,11,1.279331789430299,4464.500301161759,178.17764010844735,1.1999497047076748e-19
37,MLAC.HZ.230912.0500.10x_CorrectionData.txt,2023-09-12 05:00:00,18.5,15,11,1.354981751504236,4728.4969291298385,196.6730127604485,9.145511207853394
38,MLAC.HZ.230912.0530.10x_CorrectionData.txt,2023-09-12 05:30:00,19.0,15,11,0.9437503890790614,3293.4176505855926,153.61001542090867,7.126225474187219e-18
39,MLAC.HZ.230912.0600.10x_CorrectionData.txt,2023-09-12 06:00:00,19.5,15,11,1.1451615177705403,3996.2846098291066,23.340498037618733,1.102118787209929
40,MLAC.HZ.230912.0630.10x_CorrectionData.txt,2023-09-12 06:30:00,20.0,15,11,1.2281205960825121,4285.787953033632,156.32616912456288,1.823001713946108e-15
41,MLAC.HZ.230912.0700.10x_CorrectionData.txt,2023-09-12 07:00:00,20.5,15,11,1.274785598731347,4448.635402069674,334.7011403757052,190.21106933672115
42,MLAC.HZ.230912.0730.10x_CorrectionData.txt,2023-09-12 07:30:00,21.0,15,11,1.0396213536459826,3627.979766307182,146.4406930685758,7.221624652642901e-19
43,MLAC.HZ.230912.0800.10x_CorrectionData.txt,2023-09-12 08:00:00,21.5,15,11,1.1200637679574954,3908.70067536851,47.70387044595162,14.783063515335654
44,MLAC.HZ.230912.0830.10x_CorrectionData.txt,2023-09-12 08:30:00,22.0,15,11,1.0282817219254523,3588.4077102935385,114.34272923530652,190.44978569117043
45,MLAC.HZ.230912.0900.10x_CorrectionData.txt,2023-09-12 09:00:00,22.5,15,11,1.119402941022249,3906.394579267562,40.56517313754573,1.4496063428063058e-18
46,MLAC.HZ.230912.0930.10x_CorrectionData.txt,2023-09-12 09:30:00,23.0,15,11,1.0312711425399494,3598.839929162785,70.40647872667576,4.172123602836441e-17
47,MLAC.HZ.230912.1000.10x_CorrectionData.txt,2023-09-12 10:00:00,23.5,15,11,1.138990028197843,3974.747884732801,365.129187770174,223.7105313558544
48,MLAC.HZ.230912.1030.10x_CorrectionData.txt,2023-09-12 10:30:00,24.0,15,11,1.1223613905853982,3916.718718067813,3.227558693452788,4.204199530767592
49,MLAC.HZ.230912.1100.10x_CorrectionData.txt,2023-09-12 11:00:00,24.5,15,11,1.0634671834165486,3711.1948595861127,194.19587385127912,200.05319840683552
50,MLAC.HZ.230912.1130.10x_CorrectionData.txt,2023-09-12 11:30:00,25.0,15,11,1.0137165268998005,3537.5793652811326,3.605537382140252e-20,14.246440971229374
51,MLAC.HZ.230912.1200.10x_CorrectionData.txt,2023-09-12 12:00:00,25.5,15,11,0.9776525982382622,3411.7266180104557,77.60841429197274,26.74916863226892
52,MLAC.HZ.230912.1230.10xa_CorrectionData.txt,2023-09-12 12:30:00,26.0,15,11,1.0663615154455959,3721.295246617923,29.751863126865743,13.750293320543575
53,MLAC.HZ.230912.1300.10x_CorrectionData.txt,2023-09-12 13:00:00,26.5,15,11,0.8936194006070808,3118.47490705355,13.497311945375474,8.043562729292189
54,MLAC.HZ.230912.1330.10x_CorrectionData.txt,2023-09-12 13:30:00,27.0,15,11,1.1132261859720654,3884.8394791679802,310.7149232449721,203.57832156713803
55,MLAC.HZ.230912.1400.10x_CorrectionData.txt,2023-09-12 14:00:00,27.5,15,11,1.0379806874934872,3622.2543129162495,107.30742313116001,5.765156571210151e-18
56,MLAC.HZ.230912.1430.10x_CorrectionData.txt,2023-09-12 14:30:00,28.0,15,11,0.9452041060420819,3298.4907050291936,177.97019919537854,17.495095808601437
57,MLAC.HZ.230912.1500.10x_CorrectionData.txt,2023-09-12 15:00:00,28.5,15,11,1.3663336218820055,4768.111694540202,1.098703509470093e-18,4.5807965201012884e-17
58,MLAC.HZ.230912.1530.10x_CorrectionData.txt,2023-09-12 15:30:00,29.0,15,11,0.928072059477898,3238.704785788199,191.23820402575353,43.440688257334195
59,MLAC.HZ.230912.1600.10x_CorrectionData.txt,2023-09-12 16:00:00,29.5,15,11,1.0651221857565556,3716.9703421516447,190.6716607177814,57.019600666434364
60,MLAC.HZ.230912.1630.10x_CorrectionData.txt,2023-09-12 16:30:00,30.0,15,11,0.8966242358691918,3128.960918613233,29.538445294984413,31.281343205096157
61,MLAC.HZ.230912.1700.10x_CorrectionData.txt,2023-09-12 17:00:00,30.5,15,11,0.9134751842731282,3187.7658860546635,49.469684381253174,3.8795098497185854
62,MLAC.HZ.230912.1730.10x_CorrectionData.txt,2023-09-12 17:30:00,31.0,15,11,0.935817675651817,3265.734760363085,148.38459870359253,6.757184519182262e-21
63,MLAC.HZ.230912.1800.10x_CorrectionData.txt,2023-09-12 18:00:00,31.5,15,11,0.7951361151503272,2774.7965421339463,33.41835876319622,13.374056386654345
64,MLAC.HZ.230912.1830.10x_CorrectionData.txt,2023-09-12 18:30:00,32.0,15,11,0.9238451720676523,3223.9541634149195,130.9056887169231,7.838960691079814
65,MLAC.HZ.230912.1900.10x_CorrectionData.txt,2023-09-12 19:00:00,32.5,15,11,0.7504620106856914,2618.8967556326547,20.12366175866172,14.217143678217441
66,MLAC.HZ.230912.1930.10x_CorrectionData.txt,2023-09-12 19:30:00,33.0,15,11,0.7944610418957685,2772.44073047259,58.01474884001987,192.44065818796733
67,MLAC.HZ.230912.2000.10x_CorrectionData.txt,2023-09-12 20:00:00,33.5,15,11,0.9558511558012073,3335.645849026097,124.99091987912396,27.17984568533845
68,MLAC.HZ.230912.2030.10x_CorrectionData.txt,2023-09-12 20:30:00,34.0,15,11,0.8515737828846781,2971.74778392954,26.044394008080193,10.765700016394034
69,MLAC.HZ.230912.2100.10x_CorrectionData.txt,2023-09-12 21:00:00,34.5,15,11,0.972967328930743,3395.3763745417477,131.0826302353471,3.432046826345756
70,MLAC.HZ.230912.2130.10x_CorrectionData.txt,2023-09-12 21:30:00,35.0,15,11,0.8350876095170658,2914.2157765388024,3.1629549428552756e-17,2.8352118759687447e-15
71,MLAC.HZ.230912.2200.10x_CorrectionData.txt,2023-09-12 22:00:00,35.5,15,11,0.7561830556952165,2638.8615586485785,21.854631807067335,23.230185482375298
72,MLAC.HZ.230912.2230.10x_CorrectionData.txt,2023-09-12 22:30:00,36.0,15,11,0.7410188722803696,2585.942916290286,13.636231448751827,9.606084350002508
73,MLAC.HZ.230912.2300.10x_CorrectionData.txt,2023-09-12 23:00:00,36.5,15,11,0.7181247252444687,2506.048922268503,18.433071082653193,8.367385223534066
74,MLAC.HZ.230912.2330.10x_CorrectionData.txt,2023-09-12 23:30:00,37.0,15,11,0.6615670651679013,2308.6789416809956,28.5606427225945,16.648976875195462
75,MLAC.HZ.230913.0000.10x_CorrectionData.txt,2023-09-13 00:00:00,37.5,15,11,0.7597073809688719,2651.1604410617433,273.65580983988286,145.9916040651404
76,MLAC.HZ.230913.0030.10x_CorrectionData.txt,2023-09-13 00:30:00,38.0,15,11,0.8500263066793377,2966.3475366740104,138.4060522355397,14.648364261411361
77,MLAC.HZ.230913.0100.10x_CorrectionData.txt,2023-09-13 01:00:00,38.5,15,11,0.7367574224088955,2571.0716808595976,246.08469172757404,106.39727425692755
78,MLAC.HZ.230913.0130.10x_CorrectionData.txt,2023-09-13 01:30:00,39.0,15,11,0.6641661357191437,2317.748951005105,54.187045487861226,170.14795386426204
79,MLAC.HZ.230913.0200.10x_CorrectionData.txt,2023-09-13 02:00:00,39.5,15,11,0.5906790731509244,2061.3002207555364,7.20268385047134,5.660657529365083
80,MLAC.HZ.230913.0230.10x_CorrectionData.txt,2023-09-13 02:30:00,40.0,15,11,0.6944992836173904,2423.6029202769946,56.586349974814766,34.09765175776548
81,MLAC.HZ.230913.0300.10x_CorrectionData.txt,2023-09-13 03:00:00,40.5,15,11,0.7447069127501439,2598.813117690766,306.6081003191988,138.80259678607
82,MLAC.HZ.230913.0330.10x_CorrectionData.txt,2023-09-13 03:30:00,41.0,15,11,0.6727733899680327,2347.785794851104,11.563399832758195,1.7953059929741248e-17
83,MLAC.HZ.230913.0400.10x_CorrectionData.txt,2023-09-13 04:00:00,41.5,15,11,0.6391931170958717,2230.600292552582,45.33626458821566,156.47182734784144
84,MLAC.HZ.230913.0430.10x_CorrectionData.txt,2023-09-13 04:30:00,42.0,15,11,0.6749980269180219,2355.549138508519,28.889695919791887,12.432783422273593
85,MLAC.HZ.230913.0500.10x_CorrectionData.txt,2023-09-13 05:00:00,42.5,15,11,0.6543117382400987,2283.359935679725,7.195084920994516,6.886015803972466
86,MLAC.HZ.230913.0530.10x_CorrectionData.txt,2023-09-13 05:30:00,43.0,15,11,0.6654250266336281,2322.1421185268377,2.348708369402514,3.4606900664618148
87,MLAC.HZ.230913.0600.10x_CorrectionData.txt,2023-09-13 06:00:00,43.5,15,11,0.5587189009000583,1949.7684040540119,5.001776656244387,66.73019384331427
88,MLAC.HZ.230913.0630.10x_CorrectionData.txt,2023-09-13 06:30:00,44.0,15,11,0.6022660213106724,2101.7353400702664,17.933062810480994,101.43921787756953
89,MLAC.HZ.230913.0700.10x_CorrectionData.txt,2023-09-13 07:00:00,44.5,15,11,0.6596741444174572,2302.0731922340938,1.7301213634964991e-19,12.08581497385698
90,MLAC.HZ.230913.0730.10x_CorrectionData.txt,2023-09-13 07:30:00,45.0,15,11,0.578099160863057,2017.399941983614,0.015567046550242951,5.2267812328941974e-17
91,MLAC.HZ.230913.0800.10x_CorrectionData.txt,2023-09-13 08:00:00,45.5,15,11,0.7801242632534191,2722.4094929974694,7.071632708675365e-18,94.0399050427367
92,MLAC.HZ.230913.0830.10x_CorrectionData.txt,2023-09-13 08:30:00,46.0,15,11,0.6050828271721926,2111.565183056245,4.1828654851419246e-17,4.935364170373549e-18
93,MLAC.HZ.230913.0900.10x_CorrectionData.txt,2023-09-13 09:00:00,46.5,15,11,0.5722347694324351,1996.93490115179,0.37123814688132906,4.810933815818955e-19
94,MLAC.HZ.230913.0930.10x_CorrectionData.txt,2023-09-13 09:30:00,47.0,15,11,0.6654685537895264,2322.294015792443,1.1525462786115426e-19,0.01026343942964112
95,MLAC.HZ.230913.1000.4x_CorrectionData.txt,2023-09-13 10:00:00,47.5,15,4,0.6454938234025206,6194.616854022094,46.94970363582494,138.63036305842948
96,MLAC.HZ.230913.1100.4x_CorrectionData.txt,2023-09-13 11:00:00,48.5,15,4,0.6683369488216242,6413.83569793577,11.341831457285188,58.58991781169802
97,MLAC.HZ.230913.1200.4x_CorrectionData.txt,2023-09-13 12:00:00,49.5,15,4,0.5870552693219702,5633.79901362222,86.23447598355386,65.56502918527957
98,MLAC.HZ.230913.1300.4x_CorrectionData.txt,2023-09-13 13:00:00,50.5,15,4,0.5069736682058722,4865.27913320578,278.64169460917276,170.7465641660897
99,MLAC.HZ.230913.1400.4x_CorrectionData.txt,2023-09-13 14:00:00,51.5,15,4,0.6645216064895938,6377.220965064622,250.85350957861817,106.45488805771058
100,MLAC.HZ.230913.1500.4x_CorrectionData.txt,2023-09-13 15:00:00,52.5,15,4,0.6170658223475646,5921.801579767525,302.93502586975296,202.37815864249714
101,MLAC.HZ.230913.1600.4x_CorrectionData.txt,2023-09-13 16:00:00,53.5,15,4,0.5723490985650074,5492.6681616661035,3.5768185917328883,14.934158443171231
102,MLAC.HZ.230913.1700.4x_CorrectionData.txt,2023-09-13 17:00:00,54.5,15,4,0.5424026019997873,5205.280326777174,31.303007463123997,116.57054353941999
103,MLAC.HZ.230913.1800.4x_CorrectionData.txt,2023-09-13 18:00:00,55.5,15,4,0.5649134022606525,5421.309942612125,195.596321945002,29.34131832814629
104,MLAC.HZ.230913.1900.4x_CorrectionData.txt,2023-09-13 19:00:00,56.5,15,4,0.6746015176352226,6473.954946407182,200.2368533567828,64.59040740669089
105,MLAC.HZ.230913.2000.4x_CorrectionData.txt,2023-09-13 20:00:00,57.5,15,4,0.5237932236107985,5026.691524170741,41.289233060590476,14.559795836303616
106,MLAC.HZ.230913.2100.4x_CorrectionData.txt,2023-09-13 21:00:00,58.5,15,4,0.524031471398352,5028.977919031087,31.4142867583481,137.95340496062997
107,MLAC.HZ.230913.2200.4x_CorrectionData.txt,2023-09-13 22:00:00,59.5,15,4,0.5010876077643011,4808.7923197101045,64.0076932286474,6.617071831122796
108,MLAC.HZ.230913.2300.4x_CorrectionData.txt,2023-09-13 23:00:00,60.5,15,4,0.4558148206273876,4374.322523006882,30.695068408733324,95.4676944405654
109,MLAC.HZ.230914.0000.4x_CorrectionData.txt,2023-09-14 00:00:00,61.5,15,4,0.49805329643754515,4779.672914684673,252.86746813993176,108.8793657276926
110,MLAC.HZ.230914.0100.4x_CorrectionData.txt,2023-09-14 01:00:00,62.5,15,4,0.4734337204269435,4543.405990099325,188.80668494033108,143.2121301958151
111,MLAC.HZ.230914.0200.4x_CorrectionData.txt,2023-09-14 02:00:00,63.5,15,4,0.4756750510274807,4564.915389275815,0.09778784576066489,22.266180193876327
112,MLAC.HZ.230914.0300.4x_CorrectionData.txt,2023-09-14 03:00:00,64.5,15,4,0.43439326069833456,4168.746030459706,33.929935241016594,150.96865672153197
113,MLAC.HZ.230914.0400.4x_CorrectionData.txt,2023-09-14 04:00:00,65.5,15,4,0.47221123909001234,4531.674191561636,278.6742934420672,78.05622580594392
114,MLAC.HZ.230914.0500.4x_CorrectionData.txt,2023-09-14 05:00:00,66.5,15,4,0.480129936068648,4607.667627884824,190.9023049176313,55.21649793695356
115,MLAC.HZ.230914.0600.4x_CorrectionData.txt,2023-09-14 06:00:00,67.5,15,4,0.46122395455690696,4426.232411205097,12.421092105077712,86.57524017443619
116,MLAC.HZ.230914.0700.4x_CorrectionData.txt,2023-09-14 07:00:00,68.5,15,4,0.4454818544128668,4275.160045623119,4.3969005066503446e-18,67.34571943863547
117,MLAC.HZ.230914.0800.4x_CorrectionData.txt,2023-09-14 08:00:00,69.5,15,4,0.4338790391360815,4163.811195391195,57.26732803696065,55.27929867591133
118,MLAC.HZ.230914.0900.4x_CorrectionData.txt,2023-09-14 09:00:00,70.5,15,4,0.3816388932264424,3662.477678979487,30.597960406598315,97.24331557355777
119,MLAC.HZ.230914.1000.4x_CorrectionData.txt,2023-09-14 10:00:00,71.5,15,4,0.4054509027626008,3890.9946225240246,1.8963116861628716e-18,12.426218396436234
120,MLAC.HZ.230914.1100.4xa_CorrectionData.txt,2023-09-14 11:00:00,72.5,15,4,0.4278305656381857,4105.7657509380315,1.4445193712126785,31.767216015185504
121,MLAC.HZ.230914.1200.4x_CorrectionData.txt,2023-09-14 12:00:00,73.5,15,4,0.4231330851272872,4060.6853940248307,3.9976703964896645e-18,2.1184129705335764
122,MLAC.HZ.230914.1300.4xa_CorrectionData.txt,2023-09-14 13:00:00,74.5,15,4,0.35383949472846116,3395.6949209981058,36.32331420936218,145.15085863529265
123,MLAC.HZ.230914.1400.4x_CorrectionData.txt,2023-09-14 14:00:00,75.5,15,4,0.40157786112382915,3853.8261661546085,97.46364809142194,42.84485533239779
124,MLAC.HZ.230914.1500.4x_CorrectionData.txt,2023-09-14 15:00:00,76.5,15,4,0.4077072357198991,3912.647994963577,252.54779045173632,112.38582449549601
125,MLAC.HZ.230914.1600.4x_CorrectionData.txt,2023-09-14 16:00:00,77.5,15,4,0.3769973431625527,3617.9340703311527,0.24419547487755172,57.86830005994651
126,MLAC.HZ.230914.1700.4x_CorrectionData.txt,2023-09-14 17:00:00,78.5,15,4,0.361264497179799,3466.9505142488115,44.196933641669496,84.41574023775892
127,MLAC.HZ.230914.1800.4x_CorrectionData.txt,2023-09-14 18:00:00,79.5,15,4,0.358404133742347,3439.5004366247226,186.96164703326545,109.96534005876046
128,MLAC.HZ.230914.1900.4x_CorrectionData.txt,2023-09-14 19:00:00,80.5,15,4,0.34840651094350644,3343.556152660237,9.69924204318681,22.367287915297563
129,MLAC.HZ.230914.2000.4x_CorrectionData.txt,2023-09-14 20:00:00,81.5,15,4,0.4010269301909271,3848.539041911703,229.1198716726941,161.9008980200184
130,MLAC.HZ.230914.2100.4x_CorrectionData.txt,2023-09-14 21:00:00,82.5,15,4,0.3534258447882006,3391.7252425926695,95.16789715786666,65.11027120696578
131,MLAC.HZ.230914.2200.4x_CorrectionData.txt,2023-09-14 22:00:00,83.5,15,4,0.32345360507157095,3104.0903581521948,162.62775979610785,38.31607929686314
132,MLAC.HZ.230914.2300.4x_CorrectionData.txt,2023-09-14 23:00:00,84.5,15,4,0.34749433619433623,3334.8022763717886,92.4047054245494,21.38036799548494
133,MLAC.HZ.230915.0000_CorrectionData.txt,2023-09-15 00:00:00,85.5,15,1,0.3491341400128653,13402.155990512361,7.76161193575143e-19,3.563320407120558e-17
134,MLAC.HZ.230915.0100.4x_CorrectionData.txt,2023-09-15 01:00:00,86.5,15,4,0.3288057355769644,3155.4532010356056,83.27709916587774,39.320639082355754
135,MLAC.HZ.230915.0200_CorrectionData.txt,2023-09-15 02:00:00,87.5,15,1,0.34105730700074177,13092.11190277631,23.99369737697655,71.94165924949046
136,MLAC.HZ.230915.0300.4x_CorrectionData.txt,2023-09-15 03:00:00,88.5,15,4,0.3154066580694353,3026.866143580946,6.252080306398686,30.08647789867244
137,MLAC.HZ.230915.0400_CorrectionData.txt,2023-09-15 04:00:00,89.5,15,1,0.3306509489148798,12692.64471129881,5.483502555526034,101.01572955671969
138,MLAC.HZ.230915.0500.4x_CorrectionData.txt,2023-09-15 05:00:00,90.5,15,4,0.30887568219317596,2964.190263859848,174.98141471066057,117.9568298038981
139,MLAC.HZ.230915.0600_CorrectionData.txt,2023-09-15 06:00:00,91.5,15,1,0.3263700531204337,12528.314654048663,1.5072486402793428e-18,62.8784181752452
140,MLAC.HZ.230915.0700.4x_CorrectionData.txt,2023-09-15 07:00:00,92.5,15,4,0.29676811020405297,2847.9974099766637,157.24631079279223,31.34161900897739
141,MLAC.HZ.230915.0800_CorrectionData.txt,2023-09-15 08:00:00,93.5,15,1,0.3058929242875218,11742.262408208737,245.26551367133862,309.6419582671982
142,MLAC.HZ.230915.0900.4x_CorrectionData.txt,2023-09-15 09:00:00,94.5,15,4,0.2821594414531748,2707.8022564707803,89.99332246894036,137.5615425367788
143,MLAC.HZ.230915.1000_CorrectionData.txt,2023-09-15 10:00:00,95.5,15,1,0.30841813630887077,11839.197315284822,18.207308003270274,107.06815101218629
144,MLAC.HZ.230915.1130_CorrectionData.txt,2023-09-15 11:30:00,97.0,15,1,0.3045103573659573,11689.19003450891,59.12092687234037,87.9909611323541
145,MLAC.HZ.230915.1300_CorrectionData.txt,2023-09-15 13:00:00,98.5,15,1,0.29621222035423905,11370.65078579037,1.042299076373918,29.688366371248744
146,MLAC.HZ.230915.1430_CorrectionData.txt,2023-09-15 14:30:00,100.0,15,1,0.31092962768364035,11935.60553011093,178.2093910668566,74.79316559652494
147,MLAC.HZ.230915.1600_CorrectionData.txt,2023-09-15 16:00:00,101.5,15,1,0.289702661068779,11120.769382126986,5.404410657230359,48.39516759953063
148,MLAC.HZ.230915.1730_CorrectionData.txt,2023-09-15 17:30:00,103.0,15,1,0.2835744588056213,10885.527069045762,76.51651412667695,100.98537725870015
149,MLAC.HZ.230915.1900_CorrectionData.txt,2023-09-15 19:00:00,104.5,15,1,0.2850392807561367,10941.75695329143,63.11152333315236,106.47310373750074
150,MLAC.HZ.230915.2030_CorrectionData.txt,2023-09-15 20:30:00,106.0,15,1,0.27342978654945255,10496.105169357617,42.30777922299712,79.7734397947018
151,MLAC.HZ.230915.2200_CorrectionData.txt,2023-09-15 22:00:00,107.5,15,1,0.2665262148527326,10231.098874734818,0.00012988850645603617,39.88948710650829
152,MLAC.HZ.230915.2330_CorrectionData.txt,2023-09-15 23:30:00,109.0,15,1,0.25997087188702506,9979.459980313084,10.341493168095901,31.853580779281582
153,MLAC.HZ.230916.0100_CorrectionData.txt,2023-09-16 01:00:00,110.5,15,1,0.25810878899668754,9907.980504365394,3.7415302027633473e-19,50.3487291672639
154,MLAC.HZ.230916.0230_CorrectionData.txt,2023-09-16 02:30:00,112.0,15,1,0.24970605610860827,9585.426150590374,7.630413646843024e-16,59.86471934834111
155,MLAC.HZ.230916.0400_CorrectionData.txt,2023-09-16 04:00:00,113.5,15,1,0.2562978553840574,9838.464487501398,15.322182503172606,57.13882872461208
156,MLAC.HZ.230916.0530_CorrectionData.txt,2023-09-16 05:30:00,115.0,15,1,0.26228354988532915,10068.236378083739,115.69894377836519,118.04546899512044
157,MLAC.HZ.230916.0700_CorrectionData.txt,2023-09-16 07:00:00,116.5,15,1,0.24143511451238733,9267.930847905607,1.6585283924662226e-15,82.2266312009236
158,MLAC.HZ.230916.0830_CorrectionData.txt,2023-09-16 08:30:00,118.0,15,1,0.24745618587883364,9499.060744512532,198.79152638703397,104.73200333539046
159,MLAC.HZ.230916.1000_CorrectionData.txt,2023-09-16 10:00:00,119.5,15,1,0.23870466345969502,9163.117463195385,8.846676473046083e-18,21.444359692772554
160,MLAC.HZ.230916.1130_CorrectionData.txt,2023-09-16 11:30:00,121.0,15,1,0.23766433972901382,9123.182723731901,234.03535675464914,111.9447420416476
161,MLAC.HZ.230916.1300_CorrectionData.txt,2023-09-16 13:00:00,122.5,15,1,0.23650444682705493,9078.658101752028,4.795574039952583e-16,4.8736849350723
162,MLAC.HZ.230916.1430_CorrectionData.txt,2023-09-16 14:30:00,124.0,15,1,0.21950420333348877,8426.072493340685,4.661778547672622,49.57576389584262
163,MLAC.HZ.230916.1600_CorrectionData.txt,2023-09-16 16:00:00,125.5,15,1,0.21961763811576251,8430.426896054572,7.946786125118935,34.90681614151832
164,MLAC.HZ.230916.1730_CorrectionData.txt,2023-09-16 17:30:00,127.0,15,1,0.21360747590459142,8199.715767433838,5.1746335597065446e-18,64.84894005674269
165,MLAC.HZ.230916.1900_CorrectionData.txt,2023-09-16 19:00:00,128.5,15,1,0.21397858487274518,8213.96146761226,59.54771849277476,25.880621214300415
166,MLAC.HZ.230916.2030_CorrectionData.txt,2023-09-16 20:30:00,130.0,15,1,0.217256146422554,8339.77669484104,191.96334177985707,140.16782019638444
167,MLAC.HZ.230916.2200_CorrectionData.txt,2023-09-16 22:00:00,131.5,15,1,0.21156359222581378,8121.257533906659,5.318245585439593e-20,9.420434110529873
168,MLAC.HZ.230916.2330_CorrectionData.txt,2023-09-16 23:30:00,133.0,15,1,0.20092685607568095,7712.946856787689,197.58416440830163,173.04499874304614
169,MLAC.HZ.230917.0100_CorrectionData.txt,2023-09-17 01:00:00,134.5,15,1,0.20510412915764453,7873.299165666394,0.7808084390324741,68.8355758584824
170,MLAC.HZ.230917.0230_CorrectionData.txt,2023-09-17 02:30:00,136.0,15,1,0.19848453050754075,7619.193698638717,43.88443083053013,44.20465233012507
171,MLAC.HZ.230917.0400_CorrectionData.txt,2023-09-17 04:00:00,137.5,15,1,0.19970725998210953,7666.130418008997,171.7751822038196,21.64374150606616
172,MLAC.HZ.230917.0530_CorrectionData.txt,2023-09-17 05:30:00,139.0,15,1,0.1887791126573299,7246.633387072407,3.389678999894826e-20,12.223317595687147
173,MLAC.HZ.230917.0700_CorrectionData.txt,2023-09-17 07:00:00,140.5,15,1,0.19581916130256247,7516.878600332631,46.18442180286704,152.87452754405166
174,MLAC.HZ.230917.0830_CorrectionData.txt,2023-09-17 08:30:00,142.0,15,1,0.1991428765642466,7644.465522664248,152.0690283782955,39.66877727798962
175,MLAC.HZ.230917.1000_CorrectionData.txt,2023-09-17 10:00:00,143.5,15,1,0.19933275878355,7651.754500828443,151.11398047503894,13.393583288501894
176,MLAC.HZ.230917.1130_CorrectionData.txt,2023-09-17 11:30:00,145.0,15,1,0.19030074084855716,7305.043883329339,133.1168837223761,19.38751411659725
177,MLAC.HZ.230917.1300_CorrectionData.txt,2023-09-17 13:00:00,146.5,15,1,0.18654553914713945,7160.8935605439965,54.09095224059943,9.034096972480668e-21
178,MLAC.HZ.230917.1430_CorrectionData.txt,2023-09-17 14:30:00,148.0,15,1,0.17998990750429447,6909.24358471949,13.474552709216924,112.4365775527189
179,MLAC.HZ.230917.1600_CorrectionData.txt,2023-09-17 16:00:00,149.5,15,1,0.17326530082509983,6651.107191394888,2.240018823976632e-19,13.424516555055137
180,MLAC.HZ.230917.1730_CorrectionData.txt,2023-09-17 17:30:00,151.0,15,1,0.17528353863966833,6728.580961263973,1.9373054500655869,75.72515673915962
181,MLAC.HZ.230917.1900_CorrectionData.txt,2023-09-17 19:00:00,152.5,15,1,0.17018039172441352,6532.687282696112,1.2848909140860029e-17,1.90999954642532
182,MLAC.HZ.230917.2030_CorrectionData.txt,2023-09-17 20:30:00,154.0,15,1,0.17382243929790267,6672.493976200706,4.2756557723647974e-05,59.48395292288658
183,MLAC.HZ.230917.2200_CorrectionData.txt,2023-09-17 22:00:00,155.5,15,1,0.17470728355611248,6706.460350200682,1.2999094671760092,62.1063802428014
184,MLAC.HZ.230917.2330_CorrectionData.txt,2023-09-17 23:30:00,157.0,15,1,0.16748672842795162,6429.286063658152,67.64516245404228,7.279202226127506e-17
185,MLAC.HZ.230918.0100_CorrectionData.txt,2023-09-18 01:00:00,158.5,15,1,0.17309600951953735,6644.608633319466,130.2805432026343,8.795571921409674e-17
186,MLAC.HZ.230918.0230_CorrectionData.txt,2023-09-18 02:30:00,160.0,15,1,0.16867758001249755,6474.999091599348,221.94062797364006,152.07963877965844
187,MLAC.HZ.230918.0400_CorrectionData.txt,2023-09-18 04:00:00,161.5,15,1,0.16800384970936347,6449.136714984429,152.7549042159451,2.6591998312967794e-17
188,MLAC.HZ.230918.0530_CorrectionData.txt,2023-09-18 05:30:00,163.0,15,1,0.15681041278862431,6019.4560550633505,117.43740715324031,288.54192943492006
189,MLAC.HZ.230918.0700_CorrectionData.txt,2023-09-18 07:00:00,164.5,15,1,0.15822261551236055,6073.6660535270985,90.16872119406464,1.159773451447998e-18
190,MLAC.HZ.230918.0830_CorrectionData.txt,2023-09-18 08:30:00,166.0,15,1,0.1487915911638475,5711.6388411083,172.95275262257485,211.13192477352572
191,MLAC.HZ.230918.1100_CorrectionData.txt,2023-09-18 11:00:00,168.5,15,1,0.14981773472266074,5751.029248598578,123.34874046359643,108.1828922364901
192,MLAC.HZ.230918.1300_CorrectionData.txt,2023-09-18 13:00:00,170.5,15,1,0.16850435982746317,6468.349716260544,228.14062418516892,143.27344366735048
193,MLAC.HZ.230918.1500_CorrectionData.txt,2023-09-18 15:00:00,172.5,15,1,0.14157623445276865,5434.664105364882,6.357704789778942e-16,29.829606363610477
194,MLAC.HZ.230918.1700_CorrectionData.txt,2023-09-18 17:00:00,174.5,15,1,0.14554439812702855,5586.9893650955855,104.24350929216529,84.51877487979769
195,MLAC.HZ.230918.1900_CorrectionData.txt,2023-09-18 19:00:00,176.5,15,1,0.1483040937773246,5692.925357462998,65.0695271375165,27.75280903897695
196,MLAC.HZ.230918.2100_CorrectionData.txt,2023-09-18 21:00:00,178.5,15,1,0.1486081006803665,5704.5952214774725,79.20805549919602,51.232551242873036
197,MLAC.HZ.230918.2300_CorrectionData.txt,2023-09-18 23:00:00,180.5,15,1,0.1478140951662357,5674.115859713206,164.7797911584428,98.47742899822025
198,MLAC.HZ.230919.0100_CorrectionData.txt,2023-09-19 01:00:00,182.5,15,1,0.142760590717786,5480.127798521667,49.674140575562404,36.57205840768144
199,MLAC.HZ.230919.0300_CorrectionData.txt,2023-09-19 03:00:00,184.5,15,1,0.138174149906493,5304.06883393019,47.081296051782715,32.91128876144275
200,MLAC.HZ.230919.0500_CorrectionData.txt,2023-09-19 05:00:00,186.5,15,1,0.1329784772606918,5104.6233850488525,5.554082366373455e-17,4.921208366274669
201,MLAC.HZ.230919.0700_CorrectionData.txt,2023-09-19 07:00:00,188.5,15,1,0.1442455437370456,5537.130450860295,163.21586977863745,126.2160894390499
202,MLAC.HZ.230919.0900_CorrectionData.txt,2023-09-19 09:00:00,190.5,15,1,0.12545303941847416,4815.745614875505,2.856372075876395e-17,12.998182134162134
203,MLAC.HZ.230919.1100_CorrectionData.txt,2023-09-19 11:00:00,192.5,15,1,0.12144562634624101,4661.913694827504,27.1023822165656,41.79134956014166
204,MLAC.HZ.230919.1300_CorrectionData.txt,2023-09-19 13:00:00,194.5,15,1,0.12767902397959874,4901.194125638631,208.92152156309345,128.31894291365282
205,MLAC.HZ.230919.1500_CorrectionData.txt,2023-09-19 15:00:00,196.5,15,1,0.12943398035308254,4968.5613532409125,77.84085691584727,64.46166996305786
206,MLAC.HZ.230919.1700_CorrectionData.txt,2023-09-19 17:00:00,198.5,15,1,0.12972159913868464,4979.602129231193,278.46595107090155,148.20614954949508
207,MLAC.HZ.230919.1900_CorrectionData.txt,2023-09-19 19:00:00,200.5,15,1,0.1250352985146246,4799.709862093486,35.10423649955509,21.868782126474958
208,MLAC.HZ.230919.2100_CorrectionData.txt,2023-09-19 21:00:00,202.5,15,1,0.1257957944430578,4828.90289678965,179.16182235776532,93.59978855461348
209,MLAC.HZ.230919.2300_CorrectionData.txt,2023-09-19 23:00:00,204.5,15,1,0.12778184379742114,4905.141053422092,63.90630942626878,29.137577174507207
210,MLAC.HZ.230920.0100_CorrectionData.txt,2023-09-20 01:00:00,206.5,15,1,0.1129785195089779,4336.88822863519,133.24261322382583,52.17148268988296
211,MLAC.HZ.230920.0300_CorrectionData.txt,2023-09-20 03:00:00,208.5,15,1,0.11500300041449618,4414.601651030863,93.36083197702187,62.060995637633134
212,MLAC.HZ.230920.0500_CorrectionData.txt,2023-09-20 05:00:00,210.5,15,1,0.124875356333201,4793.5701873403295,50.54586226585965,48.41086955762668
213,MLAC.HZ.230920.0700_CorrectionData.txt,2023-09-20 07:00:00,212.5,15,1,0.12431943757628766,4772.230223571877,201.1608413470246,158.43952806972044
214,MLAC.HZ.230920.0900_CorrectionData.txt,2023-09-20 09:00:00,214.5,15,1,0.1222626183442243,4693.275435044513,194.82108611518822,160.06391211941443
215,MLAC.HZ.230920.1100_CorrectionData.txt,2023-09-20 11:00:00,216.5,15,1,0.11346168668296366,4355.4354891093835,238.651458922406,141.39137021119467
216,MLAC.HZ.230920.1300_CorrectionData.txt,2023-09-20 13:00:00,218.5,15,1,0.12124713185506944,4654.294118770459,211.53375713232043,154.3238369882903
217,MLAC.HZ.230920.1500_CorrectionData.txt,2023-09-20 15:00:00,220.5,15,1,0.1184387396165118,4546.488818314002,201.4867795201535,137.63377865338057
218,MLAC.HZ.230920.1700_CorrectionData.txt,2023-09-20 17:00:00,222.5,15,1,0.10169995598414501,3903.9398274758437,218.56305438700622,116.61057725922504
219,MLAC.HZ.230920.1900_CorrectionData.txt,2023-09-20 19:00:00,224.5,15,1,0.115774281449428,4444.208691872813,141.4835751486934,79.13582150912791
220,MLAC.HZ.230920.2100_CorrectionData.txt,2023-09-20 21:00:00,226.5,15,1,0.11538970988804612,4429.4462052968365,206.1958058206773,165.60202784671242
221,MLAC.HZ.230920.2300_CorrectionData.txt,2023-09-20 23:00:00,228.5,15,1,0.09594215260364693,3682.915956635567,122.00563704299302,62.378130550110555
222,MLAC.HZ.230921.0100_CorrectionData.txt,2023-09-21 01:00:00,230.5,15,1,0.11100689919941302,4261.203957421046,126.37549983418981,125.37904133380069
223,MLAC.HZ.230921.0300_CorrectionData.txt,2023-09-21 03:00:00,232.5,15,1,0.10744465796101683,4124.46077684563,173.9709885379933,43.73615861154587
224,MLAC.HZ.230921.0500_CorrectionData.txt,2023-09-21 05:00:00,234.5,15,1,0.10111874403772685,3881.62893811636,78.59171022786325,35.23324758227492
225,MLAC.HZ.230921.0700_CorrectionData.txt,2023-09-21 07:00:00,236.5,15,1,0.10297178683918921,3952.7613936286725,255.75077970522779,104.22332879859064
226,MLAC.HZ.230921.0900_CorrectionData.txt,2023-09-21 09:00:00,238.5,15,1,0.09302327342823906,3570.869411932626,165.00654349522998,59.91262874583404
227,MLAC.HZ.230921.1100_CorrectionData.txt,2023-09-21 11:00:00,240.5,15,1,0.09562826462730897,3670.8667894522246,145.31220177975905,14.61433991995921
228,MLAC.HZ.230921.1300_CorrectionData.txt,2023-09-21 13:00:00,242.5,15,1,0.1027818277672876,3945.4694653361703,199.179805114174,76.67806456783966
229,MLAC.HZ.230921.1500_CorrectionData.txt,2023-09-21 15:00:00,244.5,15,1,0.09402036542047304,3609.1446216165546,59.229475021596,215.78047532681887
230,MLAC.HZ.230921.1700_CorrectionData.txt,2023-09-21 17:00:00,246.5,15,1,0.0955324502969896,3667.188780189025,84.8385242287228,4.940288371132644
231,MLAC.HZ.230921.1900_CorrectionData.txt,2023-09-21 19:00:00,248.5,15,1,0.09357702022365692,3592.1260009650337,36.02871641058007,6.877279060094595
232,MLAC.HZ.230921.2100_CorrectionData.txt,2023-09-21 21:00:00,250.5,15,1,0.09690737155311079,3719.9676609611206,113.18085978971055,15.495030563454232
233,MLAC.HZ.230921.2300_CorrectionData.txt,2023-09-21 23:00:00,252.5,15,1,0.09519167702574842,3654.107571521195,121.42198903599149,169.0762016458796
234,MLAC.HZ.230922.0100_CorrectionData.txt,2023-09-22 01:00:00,254.5,15,1,0.09882240155553955,3793.4796091713865,170.16707141315166,282.935032756121
235,MLAC.HZ.230922.0300_CorrectionData.txt,2023-09-22 03:00:00,256.5,15,1,0.09037666579835758,3469.274511187472,207.52757536842114,165.20248497236193
236,MLAC.HZ.230922.0500_CorrectionData.txt,2023-09-22 05:00:00,258.5,15,1,0.08846986137526522,3396.0783169661304,99.09169452867158,211.2957309381026
237,MLAC.HZ.230922.0700_CorrectionData.txt,2023-09-22 07:00:00,260.5,15,1,0.0902474577080437,3464.314621038777,253.77588139751865,296.4624416283938
238,MLAC.HZ.230922.0900_CorrectionData.txt,2023-09-22 09:00:00,262.5,15,1,0.0843921998992251,3239.549782757534,162.59140888674492,219.38372421947503
239,MLAC.HZ.230922.1100_CorrectionData.txt,2023-09-22 11:00:00,264.5,15,1,0.0876960009963325,3366.3722632615254,5.343420238531351,45.772377947890796
240,MLAC.HZ.230922.1700_CorrectionData.txt,2023-09-22 17:00:00,270.5,15,1,0.08783459566312299,3371.6924744093403,105.65655648694394,54.4088742194873
241,MLAC.HZ.230922.2300_CorrectionData.txt,2023-09-22 23:00:00,276.5,15,1,0.0844955588132159,3243.517404738769,13.76679436433019,25.879174789968918
242,MLAC.HZ.230923.0500_CorrectionData.txt,2023-09-23 05:00:00,282.5,15,1,0.07567831278934943,2905.0512019943776,1.8903314777271913e-18,85.07319309632472
243,MLAC.HZ.230923.1100_CorrectionData.txt,2023-09-23 11:00:00,288.5,15,1,0.083957769305648,3222.873365544492,31.399111062976374,40.89967369921007
244,MLAC.HZ.230923.1700_CorrectionData.txt,2023-09-23 17:00:00,294.5,15,1,0.08216441164576266,3154.0320339471928,120.7376608377895,37.946037195243456
245,MLAC.HZ.230923.2300_CorrectionData.txt,2023-09-23 23:00:00,300.5,15,1,0.07994529231461961,3068.847057661446,22.77713035653487,38.094418980513275
246,MLAC.HZ.230924.0500_CorrectionData.txt,2023-09-24 05:00:00,306.5,15,1,0.06606493357587108,2536.023962749776,10.08397214146947,16.719029606362803
247,MLAC.HZ.230924.1100_CorrectionData.txt,2023-09-24 11:00:00,312.5,15,1,0.07813188176518185,2999.2359590232263,172.22855818791317,93.07955949205778
248,MLAC.HZ.230924.1700_CorrectionData.txt,2023-09-24 17:00:00,318.5,15,1,0.07224728717946147,2773.344974612928,25.392082846751826,23.19985661250347
249,MLAC.HZ.230924.2300_CorrectionData.txt,2023-09-24 23:00:00,324.5,15,1,0.07338393709088246,2816.9773716592467,180.7053181362059,156.8311687881639
250,MLAC.HZ.230925.0500_CorrectionData.txt,2023-09-25 05:00:00,330.5,15,1,0.06358553360532648,2440.8476354880363,151.48131322403503,88.26626700989081
251,MLAC.HZ.230925.1100_CorrectionData.txt,2023-09-25 11:00:00,336.5,15,1,0.06797815668574807,2609.46655006673,22.9839965720121,21.309455982726323
252,MLAC.HZ.230925.1700_CorrectionData.txt,2023-09-25 17:00:00,342.5,15,1,0.06847658719918262,2628.5997218935668,107.31868398618474,74.42488262906981
253,MLAC.HZ.230925.2300_CorrectionData.txt,2023-09-25 23:00:00,348.5,15,1,0.06529469400675547,2506.4569004883424,0.002581150636711517,13.361109792155148
254,MLAC.HZ.230926.0500_CorrectionData.txt,2023-09-26 05:00:00,354.5,15,1,0.057100412413004994,2191.9043329692186,27.727677302732936,9.33139400907249
255,MLAC.HZ.230926.1100_CorrectionData.txt,2023-09-26 11:00:00,360.5,15,1,0.052984649123214184,2033.9131905740114,85.52362102627838,85.02758740747026
256,MLAC.HZ.230926.1700_CorrectionData.txt,2023-09-26 17:00:00,366.5,15,1,0.05689397664705925,2183.9799164766814,50.63341842048614,41.24054473094781
257,MLAC.HZ.230926.2300_CorrectionData.txt,2023-09-26 23:00:00,372.5,15,1,0.06182490746671223,2373.2627635250365,21.820973492920295,39.10597419899269
258,MLAC.HZ.230927.0500_CorrectionData.txt,2023-09-27 05:00:00,378.5,15,1,0.045803626160810164,1758.2564189101363,2.915953170250302e-20,29.32561708095744
259,MLAC.HZ.230927.1100_CorrectionData.txt,2023-09-27 11:00:00,384.5,15,1,0.05719092281702098,2195.378741267822,50.59463447690291,28.05064027279231
260,MLAC.HZ.230927.1700_CorrectionData.txt,2023-09-27 17:00:00,390.5,15,1,0.05304598168981057,2036.2675539278587,34.772627843864704,34.0501822499344
261,MLAC.HZ.230927.2300_CorrectionData.txt,2023-09-27 23:00:00,396.5,15,1,0.06075304319442917,2332.1172823719608,95.50281941032515,105.51079019809124
262,MLAC.HZ.230928.1100_CorrectionData.txt,2023-09-28 11:00:00,408.5,15,1,0.04341473428569684,1666.5544113277308,3.293805612468312e-20,36.22054652406728
263,MLAC.HZ.230928.2300_CorrectionData.txt,2023-09-28 23:00:00,420.5,15,1,0.05589314558226008,2145.5611756165213,162.20990998945348,139.18053644473176
264,MLAC.HZ.230929.1100_CorrectionData.txt,2023-09-29 11:00:00,432.5,15,1,0.052305792123766966,2007.8540162935828,161.26746461112884,124.87296801039786
265,MLAC.HZ.230929.1700_CorrectionData.txt,2023-09-29 17:00:00,438.5,15,1,0.05127040964381318,1968.1089558257843,34.45807561324017,112.64833909147704
266,MLAC.HZ.230929.2300_CorrectionData.txt,2023-09-29 23:00:00,444.5,15,1,0.04406252173804504,1691.4209239086754,76.76110664041556,30.7903231228416
267,MLAC.HZ.230930.1100_CorrectionData.txt,2023-09-30 11:00:00,456.5,15,1,0.12199772904517252,4683.1071721929375,10.984225520201328,133.52869071108626
268,MLAC.HZ.230930.1700_CorrectionData.txt,2023-09-30 17:00:00,462.5,15,1,0.05219049122678617,2003.42797933505,244.8390632681065,124.07532064478994
269,MLAC.HZ.230930.2300_CorrectionData.txt,2023-09-30 23:00:00,468.5,15,1,0.042628751075516634,1636.3830004529002,14.741175242001768,98.48748499660854
270,MLAC.HZ.231001.0500_CorrectionData.txt,2023-10-01 05:00:00,474.5,15,1,0.04501133677785519,1727.8429339968645,257.40232734442395,86.76505291427303
271,MLAC.HZ.231001.1100_CorrectionData.txt,2023-10-01 11:00:00,480.5,15,1,0.039635784766314804,1521.4924848797373,115.19215404732358,63.5468510671481
272,MLAC.HZ.231001.2300_CorrectionData.txt,2023-10-01 23:00:00,492.5,15,1,0.04724802311306564,1813.702252037871,181.6116894489697,106.23809717782645
273,MLAC.HZ.231002.1100_CorrectionData.txt,2023-10-02 11:00:00,504.5,15,1,0.031558665826229675,1211.437421273085,10.754646318043466,76.49253923856762
274,MLAC.HZ.231002.2300_CorrectionData.txt,2023-10-02 23:00:00,516.5,15,1,0.03967220520330625,1522.8905503275448,143.81821233140838,143.74511520802645
275,MLAC.HZ.231003.1100_CorrectionData.txt,2023-10-03 11:00:00,528.5,15,1,0.02909475694807047,1116.8557480792772,3.240538838484931,61.115278810721975
276,MLAC.HZ.231003.2300_CorrectionData.txt,2023-10-03 23:00:00,540.5,15,1,0.024508805145139517,940.8155549730194,17.27245327310071,14.200933969909332
277,MLAC.HZ.231004.1100_CorrectionData.txt,2023-10-04 11:00:00,552.5,15,1,0.03032301818207228,1164.0048142077999,0.5229641165259468,19.109906122004226
278,MLAC.HZ.231004.1700_CorrectionData.txt,2023-10-04 17:00:00,558.5,15,1,0.03882123830065859,1490.2246209182156,106.76231547161767,132.90259385666013
279,MLAC.HZ.231004.2300_CorrectionData.txt,2023-10-04 23:00:00,564.5,15,1,0.03566797129234476,1369.1806682311455,66.93860393884529,67.40375832766244
280,MLAC.HZ.231005.0500_CorrectionData.txt,2023-10-05 05:00:00,570.5,15,1,0.03920014408422028,1504.7696161937106,35.23748403926179,29.681166917537467
281,MLAC.HZ.231005.1100_CorrectionData.txt,2023-10-05 11:00:00,576.5,15,1,0.03814880921208589,1464.4121938170524,47.39451450508369,67.29083580066145
282,MLAC.HZ.231005.1700_CorrectionData.txt,2023-10-05 17:00:00,582.5,15,1,0.04161352295408696,1597.411602099093,89.2447455546543,91.47895801980677
283,MLAC.HZ.231005.2300_CorrectionData.txt,2023-10-05 23:00:00,588.5,15,1,0.025476555942633795,977.9644489410603,120.60750602207472,90.39041116606036
284,MLAC.HZ.231006.0500_CorrectionData.txt,2023-10-06 05:00:00,594.5,15,1,0.019498202285734484,748.4743501691037,7.125716497375536e-18,13.884646256031958
285,MLAC.HZ.231006.1100_CorrectionData.txt,2023-10-06 11:00:00,600.5,15,1,0.02188644571805158,840.1514660823482,4.363052801471837,61.06209768456577
286,MLAC.HZ.231006.1700_CorrectionData.txt,2023-10-06 17:00:00,606.5,15,1,0.03676074261862699,1411.1287050981614,23.85300378808663,11.852386240123238
287,MLAC.HZ.231006.2300_CorrectionData.txt,2023-10-06 23:00:00,612.5,15,1,0.0194768724308675,747.6555644663598,9.218589905888224e-19,40.64465699046892
288,MLAC.HZ.231007.0500_CorrectionData.txt,2023-10-07 05:00:00,618.5,15,1,0.017907584045914575,687.4155440304801,9.70114445115494,54.31957305230485
289,MLAC.HZ.231007.1100_CorrectionData.txt,2023-10-07 11:00:00,624.5,15,1,0.03204442588335222,1230.0842143345617,33.50454756404799,77.20413736869513
290,MLAC.HZ.231007.1700_CorrectionData.txt,2023-10-07 17:00:00,630.5,15,1,0.01721022442988446,660.646112787878,2.644089651470291e-19,24.888606242301044
291,MLAC.HZ.231007.2300_CorrectionData.txt,2023-10-07 23:00:00,636.5,15,1,0.02094965387551694,804.1909885311522,3.735404958287893e-15,18.87534428793276
292,MLAC.HZ.231008.0500_CorrectionData.txt,2023-10-08 05:00:00,642.5,15,1,0.016478347837525317,632.5516839352874,5.239473664911137,33.99472030031246
293,MLAC.HZ.231008.1100_CorrectionData.txt,2023-10-08 11:00:00,648.5,15,1,0.020257609881867953,777.6256072285987,8.233747931036032,58.426686558048004
294,MLAC.HZ.231008.1700_CorrectionData.txt,2023-10-08 17:00:00,654.5,15,1,0.02391539917269789,918.0365755009137,4.505054189781695,44.63271934857754
295,MLAC.HZ.231008.2300_CorrectionData.txt,2023-10-08 23:00:00,660.5,15,1,0.02430866738959482,933.1328991911981,46.12126731071322,47.64250676425086
296,MLAC.HZ.231009.0500_CorrectionData.txt,2023-10-09 05:00:00,666.5,15,1,0.026900395812859728,1032.6211606724758,81.66351744000517,39.34491001532776
297,MLAC.HZ.231009.1100_CorrectionData.txt,2023-10-09 11:00:00,672.5,15,1,0.015205315790340387,583.684007813253,30.00604272724985,65.85618176120633
298,MLAC.HZ.231009.1700_CorrectionData.txt,2023-10-09 17:00:00,678.5,15,1,0.03496831762821132,1342.3231757335504,177.78616720863002,128.84159706289515
299,MLAC.HZ.231009.2300_CorrectionData.txt,2023-10-09 23:00:00,684.5,15,1,0.03199738158520549,1228.2783324399884,78.32245601733274,124.86831643482445
300,MLAC.HZ.231010.0500_CorrectionData.txt,2023-10-10 05:00:00,690.5,15,1,0.027839213914435074,1068.6594199030565,159.54175320072028,107.0130108263498
301,MLAC.HZ.231010.1100_CorrectionData.txt,2023-10-10 11:00:00,696.5,15,1,0.019322367961675517,741.7246262966753,1.2251714041695977e-17,10.84736197115862
302,MLAC.HZ.231010.1700_CorrectionData.txt,2023-10-10 17:00:00,702.5,15,1,0.013723180283649486,526.7895108757247,0.9983864665057558,21.75750348930547
303,MLAC.HZ.231010.2300_CorrectionData.txt,2023-10-10 23:00:00,708.5,15,1,0.018316905247806076,703.1280910697692,4.986662437407125,3.3507846257173095
304,MLAC.HZ.231011.0500_CorrectionData.txt,2023-10-11 05:00:00,714.5,15,1,0.03155501908069834,1211.2974342398295,4.350098090936634,2.7260177512004395e-17
305,MLAC.HZ.231011.1100_CorrectionData.txt,2023-10-11 11:00:00,720.5,15,1,0.0208166579161277,799.085694062451,45.21632173570998,9.530983405937726e-15
306,MLAC.HZ.231011.1700_CorrectionData.txt,2023-10-11 17:00:00,726.5,15,1,0.014736977519291546,565.7059820473048,0.0025688112937251235,1.6395534790387246e-18
307,MLAC.HZ.231011.2300_CorrectionData.txt,2023-10-11 23:00:00,732.5,15,1,0.014691454214218911,563.9584862688495,14.758173795803655,15.735682020832787
308,MLAC.HZ.231012.0500_CorrectionData.txt,2023-10-12 05:00:00,738.5,15,1,0.015011720059454366,576.2524796781468,7.6784377399157435,2.242330896616166e-19
